9124,9,60,136,0,126,45,4,0,0,13,0,0,1,5,5,1,7,0,43,8,0,2,0,3,13,2,19,3,2,1,0,2,1,2,0,13,0,0,1,2,0,1,0,187,5,57,75,159,0,2,1,19,1,5,0,0,0,0,0,0,0,0,0,0,7,0,0,1,0,0,7,1,1,0
97,10067,6,0,0,9,1,1,0,0,1,0,0,5,0,3,9,1,0,2,19,2,1,0,0,0,3,2,1,1,0,1,11,1,0,0,2,0,2,0,2,1,3,4,13,0,0,16,2,0,0,1,1,0,2,0,0,0,0,0,0,0,0,0,1,1,0,0,1,0,0,0,4,2,0
45,6,9213,452,2,90,5,2,2,1,5,2,1,10,66,19,6,4,2,12,78,3,1,2,0,8,5,19,7,0,2,4,13,0,4,2,13,1,2,1,3,2,2,6,1,1,1,8,7,0,1,1,10,0,1,0,0,0,0,0,0,0,0,0,0,17,1,2,0,0,0,0,0,0,0
72,3,293,8936,0,24,0,33,9,0,0,2,1,8,15,19,20,30,2,10,33,1,8,0,1,38,4,98,12,4,9,7,68,11,16,2,70,0,2,3,0,1,3,10,16,25,19,31,39,0,5,1,72,1,1,0,0,0,0,0,0,0,0,0,0,95,0,4,4,0,0,7,2,2,0
0,0,4,0,10111,0,0,1,0,1,0,1,0,0,0,0,1,0,0,0,0,0,0,0,4,7,0,2,0,0,0,0,0,0,0,0,0,0,0,0,0,0,0,0,0,0,0,12,1,0,0,0,1,0,0,0,0,0,0,0,1,0,0,0,13,0,0,0,2,0,1,0,3,0,0
234,3,102,52,1,9396,74,93,69,0,10,0,0,0,10,3,11,3,0,27,5,0,1,0,0,29,0,3,0,1,1,2,1,0,3,0,0,0,0,3,0,0,0,0,58,7,55,13,15,0,2,1,9,0,1,0,0,0,0,0,0,0,0,0,1,12,0,6,0,0,1,0,0,2,1
110,1,14,1,0,117,9921,0,0,5,7,0,0,0,0,0,0,0,0,37,1,0,0,0,0,0,0,0,0,0,0,0,0,0,0,0,0,0,0,0,0,0,0,0,12,17,1,14,17,0,1,0,7,1,0,0,0,0,0,0,0,0,0,0,0,0,0,0,0,0,0,1,0,0,0
6,0,18,50,7,47,1,9097,59,17,1,0,0,13,2,21,5,15,0,0,24,9,18,2,3,11,11,2,11,1,2,13,31,1,5,0,94,0,2,6,6,7,2,3,2,26,2,5,2,0,1,14,32,1,3,0,0,0,0,0,0,0,0,0,1,569,2,14,3,0,0,1,0,1,0
1,0,3,9,0,44,8,108,9691,19,0,1,3,1,11,0,4,15,0,1,4,1,4,1,9,16,0,2,4,4,4,1,14,29,6,0,75,0,2,23,2,0,0,3,0,8,4,3,7,0,0,0,13,2,0,0,0,0,0,0,0,0,0,0,1,11,0,1,3,0,0,1,1,0,0
5,0,0,0,0,2,15,23,48,10082,1,0,0,0,0,0,0,0,0,0,6,0,0,0,0,0,0,1,0,0,0,0,0,0,0,0,1,0,0,0,0,2,0,3,2,0,5,0,2,0,0,0,0,0,0,0,0,0,0,0,0,0,0,0,1,0,0,0,0,0,0,0,2,0,0
170,2,11,5,0,70,6,0,0,0,9928,0,0,0,8,9,1,2,0,62,3,0,1,0,0,0,0,0,0,1,0,0,0,0,0,0,0,0,0,0,0,1,1,1,18,9,2,0,22,0,0,0,0,0,1,0,0,0,0,0,0,0,0,0,0,0,0,0,0,0,0,2,0,2,1
0,0,0,0,0,1,0,2,1,0,0,10083,0,0,7,0,0,0,0,8,1,0,0,0,0,0,0,0,0,0,0,0,0,0,0,0,0,0,0,0,0,0,0,0,0,0,0,0,1,0,0,0,0,3,0,0,0,0,0,0,0,0,0,0,6,0,0,0,0,0,0,0,1,0,0
0,0,0,11,0,0,0,0,4,0,0,0,9749,0,0,1,4,6,0,0,0,0,3,1,8,12,1,113,31,19,40,1,6,37,10,7,11,3,0,13,0,0,0,0,0,9,0,11,9,0,3,1,27,0,2,0,0,0,0,0,0,0,0,0,2,8,1,0,1,0,0,0,0,0,0
1,0,0,57,0,0,0,30,3,0,0,0,8,1274,0,13,7,77,0,1,520,580,37,87,18,9,206,11,38,68,43,737,2022,230,62,32,1175,0,447,110,322,0,0,0,1,310,2,5,4,0,1,471,513,0,1,0,0,0,0,0,0,0,0,0,0,649,5,0,1,0,1,4,0,2,0
0,0,1,2,0,0,0,0,2,0,0,7,0,0,10099,0,1,0,0,1,181,1,0,0,0,0,0,0,0,1,0,0,0,0,0,0,0,0,0,0,0,0,0,5,0,0,2,1,9,0,0,0,0,0,0,0,0,0,0,0,0,0,0,0,1,0,0,0,0,0,0,0,2,0,0
2,3,8,24,0,1,1,23,0,0,10,0,3,3,4,9498,45,25,0,2,5,2,8,1,5,32,6,12,47,22,38,3,7,11,25,4,69,1,0,9,0,0,1,0,4,40,5,37,16,0,1,2,93,0,2,0,0,0,0,0,0,0,0,0,1,104,0,1,23,0,1,1,0,11,0
1,13,9,34,0,1,0,10,4,0,0,0,17,16,0,85,7598,172,0,0,7,14,26,0,10,64,9,47,177,32,318,11,38,63,314,70,55,17,10,93,3,0,0,1,1,58,61,179,47,0,6,8,175,1,39,0,0,0,0,0,0,0,0,0,0,104,1,6,26,0,3,0,0,2,0
5,3,7,145,1,5,0,77,34,0,0,0,42,197,0,96,373,2664,20,1,77,140,72,12,29,165,73,243,351,158,380,130,405,315,401,124,631,52,81,159,57,0,2,2,1,510,58,120,66,0,60,114,867,1,45,1,0,0,0,0,0,0,0,0,10,536,1,7,41,0,0,2,1,22,0
0,0,0,0,0,0,0,0,0,0,0,0,0,0,1,0,0,110,10062,0,0,0,0,0,0,0,0,0,1,0,0,0,0,0,0,0,0,0,0,0,0,1,1,2,0,0,1,7,0,0,0,0,0,0,2,0,0,1,2,0,0,0,0,0,0,0,0,0,0,0,0,2,0,0,1
119,0,13,5,1,26,15,0,0,0,6,1,1,1,0,6,5,35,3,9823,5,1,0,0,3,3,1,56,4,0,13,1,1,6,7,1,4,7,1,1,1,0,0,6,14,7,16,30,18,0,1,0,9,1,7,0,0,0,0,0,0,0,0,0,0,3,0,0,1,0,0,4,12,0,0
4,0,0,48,0,3,12,45,4,0,0,0,7,1020,0,21,6,73,0,7,1657,554,38,93,19,16,262,21,34,53,33,628,1673,226,69,20,1068,2,397,100,268,0,3,2,5,272,5,6,16,0,1,503,432,0,0,0,0,0,0,0,0,0,0,0,1,504,2,0,4,0,0,5,1,3,0
2,0,0,71,1,0,0,42,9,0,0,0,7,1165,0,10,9,96,0,0,657,828,32,77,19,18,234,16,34,62,36,736,1948,277,73,15,1141,0,445,118,294,0,0,1,1,311,1,4,3,0,1,506,418,0,3,0,0,0,0,0,0,0,0,0,0,572,6,4,7,0,0,1,4,4,0
0,0,2,10,0,4,0,41,15,0,0,0,1,48,0,6,24,37,0,0,3,15,9359,2,17,113,1,3,14,18,16,16,67,28,25,3,97,0,8,23,4,0,1,4,0,30,7,9,3,0,2,28,31,0,0,0,0,0,0,0,0,0,0,0,0,165,11,6,6,1,1,1,1,3,0
1,0,0,62,0,0,0,30,8,0,0,0,9,1002,0,17,3,68,0,0,496,588,52,1259,18,17,148,26,41,42,32,646,1793,222,63,18,1068,2,380,116,287,1,0,1,1,284,1,6,4,0,1,549,392,0,2,0,0,0,0,0,0,0,0,0,0,516,3,8,4,0,0,0,1,0,0
4,0,4,7,0,1,0,8,15,0,0,0,3,6,0,1,6,22,0,0,32,14,11,3,9166,267,35,41,8,17,40,2,60,51,19,4,74,3,7,24,1,0,0,1,2,15,5,24,7,0,1,27,14,1,0,0,0,0,0,0,0,0,0,0,0,22,2,0,33,0,5,7,0,14,0
13,1,34,97,6,36,0,53,27,0,0,1,15,14,0,46,61,138,0,0,10,24,157,1,255,7409,15,53,56,89,115,5,99,68,77,24,132,9,6,59,3,0,1,1,4,40,12,69,34,0,8,42,52,1,5,0,0,0,0,0,0,0,0,0,0,136,6,22,618,0,10,12,0,19,0
3,0,3,34,0,0,0,27,6,0,0,0,2,725,0,18,6,68,0,0,503,349,31,38,24,20,4327,10,17,57,39,450,955,145,58,17,575,2,247,56,184,0,0,0,2,181,1,6,1,0,0,320,341,0,5,0,0,0,0,0,0,0,0,0,0,391,5,1,6,0,0,4,0,8,0
29,3,80,371,4,11,0,26,7,0,0,1,165,63,12,47,247,193,0,4,24,49,24,7,60,168,19,3982,421,309,614,36,138,456,188,259,192,345,22,100,16,5,3,20,22,113,111,267,170,0,40,27,205,4,77,0,0,0,0,0,0,0,0,1,0,142,4,72,76,1,1,6,2,9,1
35,0,6,74,0,1,0,33,8,0,0,0,73,101,0,145,219,182,0,2,40,49,28,6,11,87,29,284,5340,117,421,71,246,316,265,193,465,135,47,117,23,0,1,1,3,189,10,51,31,1,29,30,392,0,10,0,0,0,0,0,0,0,0,0,1,304,4,2,3,1,1,7,7,7,0
5,6,23,68,1,2,0,39,36,0,1,1,107,334,85,128,145,287,0,1,188,241,75,27,61,240,138,654,383,1029,619,223,682,626,230,182,810,194,125,165,83,1,10,79,20,284,23,124,63,2,34,151,464,1,7,0,2,0,7,0,0,0,0,1,2,528,2,1,38,0,5,14,3,26,0
3,2,12,81,2,2,0,18,28,0,0,0,112,124,0,74,562,275,0,0,57,86,34,8,54,212,45,693,630,290,2397,93,309,834,453,424,389,331,53,220,31,0,0,0,0,201,57,242,98,0,78,52,334,1,31,0,0,0,0,0,0,0,0,0,0,298,0,5,41,0,4,1,0,10,0
4,0,0,52,0,0,0,32,2,0,0,0,9,1135,0,13,12,75,0,0,562,598,44,69,15,8,212,19,37,57,22,760,2100,246,66,33,1202,2,475,134,343,0,0,0,0,301,2,4,1,0,1,454,506,0,5,0,0,0,0,0,0,0,0,0,0,700,2,1,1,0,0,1,0,1,0
1,0,4,138,0,2,0,52,29,0,0,0,7,921,0,18,31,83,0,0,352,412,40,49,148,242,104,38,50,61,50,645,2795,265,77,24,1246,0,381,96,262,0,0,0,2,319,3,19,7,0,0,161,455,0,6,0,0,0,0,0,0,0,0,0,0,692,2,17,31,0,4,2,0,7,0
5,0,4,93,0,0,0,42,60,0,0,0,68,363,0,67,175,255,0,0,163,273,57,38,61,112,107,449,410,260,776,240,895,1517,347,206,1048,79,158,318,89,1,0,0,2,396,47,75,46,0,19,147,458,0,17,0,0,0,0,0,0,0,0,0,0,397,3,1,26,0,4,3,0,7,0
6,2,18,118,4,5,0,50,24,0,2,1,52,217,0,116,539,455,0,0,102,125,68,13,46,173,73,248,422,134,447,158,375,389,1817,259,616,178,81,513,38,0,0,0,4,436,55,113,64,0,49,83,1080,0,23,0,0,0,0,0,0,0,0,0,0,496,6,3,11,0,2,2,0,9,0
5,1,13,100,2,3,1,20,33,0,0,0,70,186,1,100,487,280,0,0,64,110,41,9,45,163,79,748,765,253,949,117,393,807,640,770,507,459,57,312,48,0,0,1,2,263,42,95,71,0,60,72,628,0,21,0,0,0,0,0,0,0,0,0,0,331,3,1,17,0,4,3,0,4,0
27,0,2,137,0,0,0,75,39,0,0,0,20,493,0,39,10,130,1,0,296,312,39,54,40,54,93,36,115,106,60,371,1439,381,118,22,3013,6,194,202,181,1,2,1,15,553,5,25,5,0,3,243,527,0,3,0,0,0,0,0,0,0,0,0,0,762,3,1,5,0,0,3,0,3,0
13,5,6,65,2,4,0,16,20,0,0,0,64,415,13,69,276,186,0,0,203,211,38,33,42,101,96,545,490,234,627,321,800,513,450,314,719,1451,170,213,117,5,6,3,5,211,18,65,46,0,43,167,447,0,8,0,0,0,0,0,0,0,0,0,1,415,0,2,4,0,2,1,8,3,0
3,0,0,53,0,0,0,25,10,0,0,0,9,1206,0,19,18,83,0,0,524,596,34,71,17,22,203,19,43,71,54,806,2057,247,95,24,1155,7,443,120,339,0,0,0,2,319,0,6,26,0,2,475,497,0,2,0,0,0,0,0,0,0,0,0,0,641,2,0,2,0,0,1,0,2,0
15,0,1,176,0,0,0,46,41,0,0,0,55,395,0,72,126,233,0,0,199,280,54,46,34,94,95,154,222,162,223,286,793,500,350,97,1025,71,167,1741,82,0,1,2,39,510,43,91,57,0,7,174,886,0,23,0,1,2,39,0,2,0,0,0,0,547,4,2,17,0,1,11,0,3,0
1,0,0,64,0,0,0,23,9,0,0,0,5,1107,0,17,12,86,0,0,471,557,34,64,11,15,212,42,60,62,46,757,1952,239,71,29,1114,19,445,119,301,1,14,111,2,290,4,10,6,0,1,459,477,0,5,0,0,0,0,0,1,0,0,0,0,688,2,1,4,0,0,6,3,1,0
0,0,2,1,0,0,1,8,1,3,0,0,0,0,7,2,5,4,0,0,234,2,2,0,6,13,3,9,3,6,5,1,7,2,7,1,7,0,0,6,0,9476,114,60,5,2,1,22,4,0,0,3,4,1,1,17,0,3,1,0,1,0,0,0,2,3,0,1,17,0,0,4,13,4,2
1,0,0,8,2,0,0,2,0,1,0,0,0,74,7,1,5,6,5,2,161,47,3,7,1,3,14,5,1,14,5,52,175,19,6,2,88,5,32,15,23,112,8943,129,5,23,3,19,1,0,0,29,45,3,2,0,0,0,0,1,0,0,0,0,2,47,0,0,2,0,0,3,12,31,1
0,0,3,2,1,1,1,5,0,2,0,2,0,0,8,3,2,8,6,11,275,1,1,0,3,10,1,13,10,8,10,0,1,1,1,1,3,6,0,4,8,40,90,9514,21,3,8,40,5,0,1,0,2,6,1,1,4,1,3,1,14,0,0,3,4,1,1,0,6,2,1,9,41,22,4
249,16,4,62,0,48,5,3,3,0,5,0,0,3,2,6,3,7,0,3,23,2,1,0,2,5,3,9,2,1,1,1,16,5,9,0,23,0,3,2,1,4,7,9,9384,11,34,124,40,10,1,6,11,0,4,0,42,2,0,0,3,0,0,0,0,21,0,1,1,0,0,16,1,4,1
28,0,6,170,0,3,33,64,22,0,4,0,23,339,0,68,69,249,0,15,205,211,53,31,16,39,54,49,130,64,76,296,978,319,312,61,1496,2,186,338,89,0,0,0,8,1433,24,29,36,0,3,149,1804,1,5,0,0,0,0,0,0,0,0,0,0,599,4,1,7,0,0,2,0,1,0
261,2,21,142,1,42,3,13,14,6,0,1,13,49,731,87,253,174,0,18,37,41,34,3,28,94,28,157,92,46,208,29,122,79,158,43,153,15,24,112,12,1,3,9,84,88,5030,516,720,0,17,41,200,0,101,0,0,0,0,0,0,0,0,0,0,107,0,1,47,0,2,14,2,14,0
442,5,48,257,2,47,23,27,9,1,7,0,41,42,28,89,427,178,1,42,55,32,35,2,46,181,35,282,150,110,291,24,75,114,219,56,142,58,23,130,8,3,9,38,222,127,199,4857,301,1,6,30,216,2,154,0,0,0,0,0,0,1,0,0,2,153,0,3,53,0,4,8,8,17,0
503,8,34,248,0,44,21,13,5,0,7,2,25,16,733,63,342,143,0,15,30,14,25,1,24,108,15,265,91,60,176,8,47,96,110,45,57,16,15,57,1,3,3,6,71,68,359,532,5438,0,23,14,90,0,83,0,0,0,0,0,1,0,0,0,1,57,0,4,54,0,0,10,7,2,0
0,0,0,0,0,0,0,1,0,0,0,0,0,1,0,0,0,0,2,0,3,0,1,0,0,0,0,0,0,0,0,1,4,0,0,0,2,0,0,0,2,1,2,2,22,0,0,7,0,10173,0,2,1,0,1,0,0,0,0,0,0,0,0,0,0,1,0,0,0,0,0,0,2,0,0
1,1,1,4,0,2,0,1,1,1,0,0,4,0,0,10,11,60,0,1,1,1,2,0,3,24,1,19,61,19,65,0,3,14,12,10,1,8,0,2,0,0,0,1,0,1,6,9,18,0,9820,2,6,0,4,0,0,0,0,0,0,0,0,0,0,7,0,0,1,1,0,0,0,1,0
0,0,2,43,0,0,0,55,5,0,0,0,8,961,0,11,2,87,0,0,621,528,39,79,19,17,249,14,39,57,28,646,1610,204,65,24,967,2,323,121,263,1,0,0,0,251,2,3,2,0,0,1933,390,1,4,0,0,0,0,0,0,0,0,0,0,533,3,5,2,0,0,1,0,4,0
42,1,15,166,3,27,14,47,19,0,0,0,31,350,0,108,117,303,0,5,123,113,34,5,11,43,94,42,134,73,93,217,542,139,363,81,674,11,117,337,93,0,0,0,30,793,55,42,50,0,8,104,3863,5,12,0,0,0,0,0,0,0,0,0,0,674,3,1,4,0,0,2,0,4,0
10,0,1,37,1,15,4,10,5,0,0,0,14,84,0,26,35,55,0,2,276,43,6,3,2,9,16,11,31,13,21,64,134,30,95,25,190,5,21,69,20,0,0,5,24,206,17,17,17,0,1,31,904,7402,8,0,0,0,0,0,0,0,0,6,0,188,0,0,1,0,0,1,2,3,0
62,0,10,161,0,25,10,35,7,0,7,0,15,589,5,52,234,247,0,11,295,275,39,49,20,54,123,155,130,44,148,399,996,182,231,48,688,124,209,103,137,0,1,3,19,221,42,193,98,0,4,236,533,0,2464,0,0,0,1,0,1,1,1,0,1,481,2,3,10,0,0,4,1,0,0
0,0,0,0,0,0,0,0,0,0,0,0,0,0,0,0,0,0,0,0,1,0,0,0,0,0,0,0,0,0,0,0,0,0,0,0,0,0,0,0,0,4,0,1,1,0,0,3,0,0,0,0,0,1,0,10118,2,12,13,0,29,0,0,3,0,0,0,0,0,0,0,3,0,0,4
0,0,0,0,0,0,0,0,0,0,0,0,0,0,0,0,0,0,0,0,0,0,0,0,0,0,0,0,0,0,0,0,0,0,0,0,0,0,0,0,0,0,0,0,3,0,0,0,0,0,0,0,0,0,0,0,10320,0,0,0,3,0,0,0,0,0,0,0,0,0,0,0,0,0,0
0,0,0,3,0,0,0,1,2,0,0,0,1,12,0,1,2,12,1,0,18,10,1,1,1,0,5,2,1,0,1,13,35,8,11,1,43,0,5,6,6,0,0,2,1,22,1,1,2,0,0,12,67,0,0,12,9,9720,105,0,7,0,0,2,0,23,0,0,0,0,0,0,1,0,9
0,0,0,1,0,0,0,0,0,0,0,0,0,0,0,0,0,0,0,1,1,0,0,0,0,0,0,0,0,0,0,0,0,0,0,0,0,0,0,6,0,1,1,2,1,0,0,0,0,0,0,0,0,0,1,45,8,146,9984,0,13,0,1,0,0,0,0,0,0,0,0,0,0,0,13
0,0,0,0,0,0,0,0,1,0,0,0,0,0,3,0,0,0,0,0,0,0,0,0,0,0,0,0,0,0,0,0,0,0,0,0,0,0,0,0,0,0,0,2,0,0,0,0,0,0,0,0,0,0,0,0,6,0,0,10190,5,0,0,4,1,0,0,0,0,0,0,1,2,0,0
0,0,0,0,0,0,0,0,0,0,0,0,0,0,0,0,0,0,0,1,26,0,0,0,0,0,0,0,0,0,0,0,0,0,0,0,0,0,0,0,0,0,0,3,2,0,0,0,0,0,0,0,0,1,1,55,16,12,30,0,10061,0,1,2,0,0,0,0,0,0,0,1,2,0,6
0,0,0,0,0,0,0,0,0,0,0,0,0,0,0,0,0,0,0,0,0,0,0,0,0,0,0,0,0,0,0,0,0,0,0,0,0,0,0,0,0,0,0,3,0,0,0,0,0,0,0,0,0,0,0,0,0,0,0,0,1,10255,0,4,0,0,0,0,0,0,0,0,0,0,0
0,0,0,0,0,0,0,0,0,0,0,0,0,0,0,0,0,0,0,0,0,0,0,0,0,0,0,0,0,0,0,0,0,0,0,0,0,0,0,0,0,0,0,0,0,0,0,0,0,0,0,0,0,0,0,0,0,0,0,0,3,0,10067,0,0,0,0,0,0,0,0,2,0,0,1
0,0,0,0,0,0,0,0,0,0,0,1,0,0,1,0,0,0,0,0,0,0,0,0,0,0,0,0,0,0,0,0,0,0,0,0,0,0,0,0,0,0,1,3,0,0,0,0,0,0,0,0,0,0,0,0,15,0,1,4,4,0,2,10025,0,0,0,0,0,0,0,0,0,0,2
0,0,2,0,13,0,7,0,0,2,0,6,0,0,0,4,0,1,0,2,1,0,0,1,0,1,0,0,0,1,3,0,0,0,0,0,2,0,1,0,0,0,0,1,0,0,0,2,1,0,0,1,0,0,0,0,0,0,0,0,0,0,0,0,10222,0,0,0,0,0,0,0,8,1,0
1,0,8,124,0,2,2,337,7,0,0,0,14,282,0,86,34,71,0,0,32,28,49,2,8,43,47,14,54,26,45,102,388,22,53,11,431,1,62,38,30,0,0,0,7,99,0,16,2,0,0,61,338,0,3,0,0,0,0,0,0,0,0,0,1,7178,2,6,2,0,1,2,0,4,0
0,0,4,3,0,2,0,0,2,0,0,0,0,5,0,0,8,3,0,0,8,7,8,4,9,12,6,2,3,2,3,5,11,1,2,0,8,0,4,3,1,0,1,0,0,2,0,0,2,0,0,8,1,0,0,0,0,0,0,0,0,0,0,0,0,8,10153,6,3,0,7,1,0,0,0
2,0,2,24,0,2,0,26,0,0,0,0,0,0,37,6,11,10,0,0,2,2,3,1,8,28,2,27,7,1,3,0,12,0,10,0,5,0,0,1,0,0,0,0,0,5,2,6,0,0,0,4,7,1,3,0,0,0,0,0,0,0,0,0,0,47,0,9988,8,0,0,0,1,0,0
2,0,1,8,1,0,0,6,13,0,0,0,0,2,0,12,35,53,0,0,2,1,6,0,35,256,3,29,3,12,37,1,14,12,5,2,16,0,2,6,0,0,0,4,0,10,1,27,4,0,0,2,13,0,0,0,0,0,0,0,0,0,0,0,0,13,4,10,9695,0,2,0,0,15,0
0,0,0,0,0,0,0,0,0,0,0,1,0,0,0,0,0,0,0,0,0,0,0,0,0,1,0,0,0,0,0,0,0,0,0,0,0,0,0,0,0,0,0,0,0,0,0,0,0,0,0,0,0,1,0,0,0,0,0,0,0,0,0,0,1,0,0,0,0,10141,0,0,0,0,0
0,0,1,1,0,0,0,0,0,0,0,0,0,1,0,0,10,2,0,0,7,1,7,0,11,16,1,0,0,4,8,0,0,0,1,0,1,0,0,0,1,1,0,0,0,0,0,9,0,0,0,1,0,0,0,0,0,0,0,0,0,0,0,0,0,11,0,1,4,0,10182,0,0,5,0
87,1,14,174,0,22,3,16,2,1,1,0,8,372,0,20,63,66,1,2,456,161,23,18,30,87,95,72,58,57,91,219,664,109,89,27,383,3,125,60,107,4,0,11,52,110,54,116,43,0,4,154,234,0,13,6,0,0,0,3,7,0,0,0,0,244,5,2,13,0,1,5249,3,11,0
0,0,0,1,2,0,2,0,2,0,1,1,0,0,1,0,0,1,1,5,8,0,0,0,1,0,0,3,0,1,0,0,0,0,0,0,0,0,0,0,0,9,4,43,1,0,2,3,1,0,0,0,0,4,0,3,0,0,1,0,1,0,0,2,6,0,1,0,0,0,0,3,10162,2,0
0,0,3,1,0,0,0,0,2,0,0,0,1,7,4,6,2,6,2,2,33,9,1,0,15,10,24,5,1,20,7,11,14,7,2,0,21,0,6,3,1,2,2,18,2,4,2,18,0,0,0,7,6,1,0,0,0,1,0,0,0,0,0,0,0,12,0,0,15,0,2,0,2,9961,0
0,0,0,0,0,0,0,0,0,0,0,0,0,0,0,0,0,0,0,0,0,0,0,0,0,0,0,0,0,0,0,0,0,0,0,0,0,0,0,0,0,5,8,2,0,0,0,0,0,0,0,0,0,0,0,18,0,4,8,0,3,0,0,2,0,0,0,0,0,0,0,1,1,0,10236
