9018,14,88,179,0,116,50,8,1,3,19,0,1,0,5,7,4,5,0,38,9,2,3,0,2,12,2,29,2,1,1,0,3,0,2,0,14,0,0,1,0,0,0,1,172,6,109,69,121,0,1,1,23,1,8,0,0,0,0,0,0,0,0,0,0,10,3,4,2,0,0,10,1,1,0
81,10105,0,2,0,10,1,1,0,2,2,0,0,1,0,1,9,0,0,2,18,5,1,0,0,0,7,0,1,0,1,2,5,1,0,1,2,0,2,0,4,0,2,5,5,0,2,7,6,0,0,2,0,0,0,0,0,0,0,0,0,0,0,0,0,2,0,0,1,0,0,1,1,1,0
56,1,8996,523,0,70,5,19,0,1,10,0,0,11,72,10,11,6,0,6,107,6,4,7,2,21,25,10,5,4,2,8,3,2,9,2,9,0,2,1,5,1,2,3,8,14,4,21,6,0,0,26,15,0,3,0,0,0,0,0,0,0,0,0,0,22,3,2,10,0,0,1,1,1,0
111,2,379,8629,2,31,1,34,9,0,2,1,4,9,10,19,28,27,0,22,32,3,6,0,3,72,7,60,18,10,11,8,39,13,26,5,91,0,3,24,3,0,1,12,12,66,11,43,37,0,2,2,88,0,7,0,0,0,0,0,0,0,0,0,0,127,7,13,5,0,1,11,3,0,0
0,0,0,0,10132,0,0,13,0,0,0,0,0,0,0,0,0,1,0,0,0,0,0,0,1,3,0,0,0,0,0,0,0,0,0,0,0,0,0,0,0,0,0,0,0,0,0,12,1,0,0,0,0,0,0,0,0,0,1,0,0,0,0,0,0,0,0,0,2,0,0,0,0,0,0
236,4,80,48,0,9508,66,38,78,0,22,0,0,2,6,3,9,0,0,17,6,0,0,0,0,14,0,3,1,0,2,0,4,1,1,0,3,0,0,1,0,0,0,1,49,5,35,21,24,0,0,0,6,0,4,0,0,0,0,0,0,0,0,0,0,17,0,3,0,0,0,2,1,0,0
119,1,11,4,0,93,9945,0,0,5,11,0,0,0,0,0,0,0,0,32,2,0,0,0,0,0,0,0,0,0,0,0,0,0,0,0,0,0,0,0,0,0,0,0,15,7,5,12,17,0,0,0,6,0,0,0,0,0,0,0,0,0,0,0,0,0,0,0,0,0,0,0,0,0,0
8,0,6,40,16,43,0,8966,104,12,0,0,0,15,4,6,4,25,0,0,20,8,23,4,5,15,25,6,9,6,6,13,28,1,10,0,80,1,8,11,9,0,1,8,2,40,4,7,1,0,0,20,46,0,7,0,0,0,0,0,0,0,0,0,7,569,15,22,8,0,2,1,1,3,1
4,0,1,6,0,44,2,114,9787,24,1,1,8,2,11,0,2,4,0,1,5,3,5,1,7,20,0,5,2,3,6,1,7,14,0,0,32,0,0,10,0,0,0,4,5,5,5,2,6,0,0,0,7,0,2,0,0,0,0,0,0,0,0,0,0,6,0,0,2,0,1,0,0,0,0
9,1,0,0,0,2,14,10,46,10093,1,0,0,0,0,0,0,0,0,0,8,0,0,0,1,0,0,2,0,0,0,0,0,0,0,0,0,0,0,0,0,1,0,1,0,0,9,0,1,0,0,0,0,0,0,0,0,0,0,0,0,0,0,0,0,0,0,0,0,0,0,0,2,0,0
178,4,19,5,0,38,13,0,2,1,9982,0,0,0,8,1,0,0,0,29,4,0,0,0,0,1,0,0,0,0,0,0,0,0,0,0,0,0,0,0,0,0,0,2,14,8,3,3,17,0,0,0,3,0,0,0,0,0,0,0,0,0,0,0,0,0,0,0,0,0,0,2,0,0,2
0,0,0,1,0,0,0,0,0,0,0,10091,0,0,0,0,0,0,0,1,2,0,0,0,0,0,0,0,0,0,0,0,0,0,0,0,0,0,0,0,0,0,0,2,0,0,0,1,0,0,0,0,0,2,0,0,0,0,0,0,0,0,0,0,13,0,0,0,0,0,0,0,0,1,0
0,0,0,6,1,0,0,0,10,0,0,0,9826,0,0,1,6,2,0,0,1,0,1,0,16,16,0,82,25,15,26,1,1,25,12,3,14,3,0,20,0,0,0,0,1,6,2,7,8,0,2,0,11,0,0,0,0,0,0,0,0,0,0,0,0,10,0,0,5,0,0,0,0,0,0
1,0,3,75,0,1,0,51,12,0,0,0,12,948,0,16,17,120,0,1,410,710,61,215,29,18,390,33,49,78,54,781,903,278,112,32,1017,6,524,250,566,0,0,0,2,484,7,8,7,0,13,602,500,0,37,0,0,0,0,0,0,0,0,0,0,721,11,1,4,0,0,21,0,4,0
2,0,0,2,0,1,0,0,2,0,0,4,0,0,10095,0,0,0,0,2,182,0,0,0,0,0,0,0,0,0,0,0,0,0,0,0,0,0,0,0,0,3,0,0,0,0,1,1,0,0,0,0,0,0,0,0,0,0,0,0,0,0,0,0,0,0,0,18,1,0,0,0,1,1,0
2,0,3,14,0,1,0,11,0,0,0,0,1,2,6,9750,45,22,0,0,3,4,8,1,2,14,11,4,34,13,12,1,5,11,27,5,30,0,5,7,3,0,0,0,0,32,5,26,2,0,0,4,49,0,6,0,0,0,0,0,0,0,0,0,0,86,3,3,19,0,2,1,0,7,0
2,8,15,39,0,5,0,22,13,0,0,0,9,17,0,62,7477,128,0,0,11,20,40,1,21,86,15,99,166,55,276,13,44,52,273,39,49,24,6,92,13,0,0,0,4,73,43,157,52,0,12,13,211,0,64,0,0,0,0,0,0,0,0,0,0,137,21,7,45,0,9,7,0,9,0
15,3,26,112,1,7,0,98,26,0,0,0,32,167,0,51,338,2818,30,1,48,135,86,34,62,145,138,220,287,205,306,145,223,299,444,101,538,46,115,263,144,0,2,1,4,539,52,127,74,0,38,113,788,3,64,0,0,0,1,0,2,0,0,0,0,526,25,12,72,3,7,3,0,27,0
0,0,0,0,0,0,0,0,0,0,0,0,0,0,1,0,0,105,10071,1,0,0,0,0,0,0,0,0,0,0,0,0,0,0,0,0,0,0,0,0,0,0,1,1,0,0,3,7,3,0,0,0,0,0,0,0,0,0,1,0,0,0,0,0,0,0,0,0,0,0,0,0,0,0,0
129,0,11,6,0,25,16,1,0,1,22,1,0,1,0,4,4,28,0,9867,2,1,2,0,2,7,1,28,2,4,12,0,1,8,6,2,2,4,2,4,2,1,0,0,17,4,12,30,13,0,0,1,6,0,5,0,0,0,0,0,0,0,0,0,2,2,0,0,1,0,0,0,3,0,0
13,0,17,60,0,3,9,42,11,0,0,0,9,773,0,13,18,99,0,20,1212,644,54,203,47,32,441,24,46,83,65,693,802,270,85,16,987,12,480,246,490,0,0,0,6,449,16,15,8,0,2,720,415,0,19,0,0,0,0,0,0,0,0,0,3,516,22,2,11,0,1,16,0,4,2
2,0,5,82,0,2,0,47,17,0,0,0,12,934,0,22,24,134,0,0,410,768,61,223,42,37,433,29,52,78,48,750,927,326,96,25,1046,6,511,254,553,0,0,0,1,495,12,16,11,0,4,620,446,0,20,0,0,0,0,0,0,0,0,0,0,626,45,26,16,0,2,16,1,6,0
1,0,1,16,0,4,0,41,17,0,0,0,7,29,0,4,25,20,0,0,12,26,9193,5,22,123,14,10,16,22,20,22,61,30,30,3,79,3,10,29,20,0,0,5,3,39,11,18,2,0,1,33,52,1,3,0,0,0,0,0,0,0,0,0,0,169,44,9,12,0,6,3,0,4,0
0,0,4,70,0,0,1,35,9,0,0,0,10,835,0,15,15,89,0,0,376,623,60,1336,50,32,338,28,35,66,26,708,786,302,75,20,1037,8,444,235,495,0,0,1,2,468,9,14,7,0,0,548,428,1,22,0,0,0,0,0,0,0,0,0,0,572,17,9,7,0,0,16,0,4,0
0,0,6,9,2,0,0,8,24,0,0,0,8,6,0,3,10,12,0,0,21,16,30,5,9044,230,30,45,9,10,39,12,65,50,38,3,57,1,5,36,3,0,0,0,2,27,9,34,15,0,2,37,27,1,3,0,0,0,0,0,0,0,0,0,1,33,24,5,45,0,6,12,0,16,0
18,3,56,108,7,24,0,67,37,0,0,0,14,10,1,30,94,99,0,0,11,30,159,4,256,6815,30,93,38,60,106,7,104,103,132,23,112,5,12,89,9,0,0,1,8,60,40,94,35,0,13,34,94,0,13,0,0,0,0,0,0,0,0,0,0,178,39,39,839,0,16,11,0,20,0
0,0,13,49,0,0,0,38,5,0,0,0,3,545,0,17,13,92,0,0,313,403,39,113,42,27,4244,10,35,69,45,449,430,185,88,13,587,9,314,137,324,0,0,0,5,247,10,31,6,0,4,438,355,0,18,0,0,0,0,0,0,0,0,0,0,418,25,1,32,0,2,18,0,7,0
52,1,110,382,5,13,1,44,18,0,0,2,180,47,7,54,251,200,0,12,26,58,36,27,75,186,33,3693,369,268,532,41,109,451,216,247,206,212,29,158,37,2,5,14,18,159,132,248,194,0,31,37,205,1,73,0,0,0,0,1,0,0,0,4,0,176,26,176,133,0,6,27,4,10,1
33,0,21,74,0,0,1,38,12,0,1,0,84,117,0,94,275,206,0,7,54,99,40,26,36,112,86,285,4480,162,383,85,182,404,288,148,421,87,79,243,64,1,2,3,9,310,28,58,49,0,25,71,487,0,32,0,0,0,0,0,0,0,0,0,0,389,7,7,17,0,3,14,4,11,0
6,6,30,57,1,4,0,54,38,0,0,1,89,276,93,73,154,257,2,1,137,242,98,74,98,197,226,595,321,1242,409,214,380,627,284,125,710,124,153,304,188,3,10,77,15,397,37,125,78,4,35,189,502,0,33,0,1,0,4,1,1,0,0,1,3,552,26,13,85,0,13,14,6,20,1
8,2,14,77,4,4,0,35,31,0,1,0,135,106,1,67,560,270,0,0,53,112,70,22,93,263,85,690,492,290,1946,95,201,871,526,304,372,249,89,276,85,0,0,0,8,296,87,205,164,0,67,77,410,0,59,0,0,0,0,0,0,0,0,0,2,374,12,11,74,0,16,13,0,17,0
3,0,3,63,0,0,0,39,12,0,0,0,11,972,0,25,22,104,0,0,417,637,61,209,36,24,391,30,61,76,48,736,928,316,110,26,1070,15,517,270,595,0,0,0,2,487,10,12,8,0,5,559,564,1,33,0,0,0,0,0,0,0,0,0,1,765,18,4,5,0,0,15,0,2,0
8,0,5,132,2,1,0,62,37,0,0,0,11,879,0,17,47,104,0,0,294,508,94,164,110,159,201,55,44,87,62,662,1456,302,114,33,1174,12,450,248,516,0,0,0,4,508,24,51,13,0,5,366,467,0,33,0,0,0,0,0,0,0,0,0,0,709,30,22,37,0,8,17,0,6,0
5,0,10,100,1,3,0,55,56,0,0,0,72,294,0,50,176,288,0,2,152,284,68,98,125,165,186,437,348,230,568,243,483,1466,450,188,917,79,215,391,211,0,2,0,4,461,46,85,90,0,19,194,454,0,36,0,0,0,0,0,0,0,0,0,2,456,18,9,59,0,4,21,0,8,0
7,5,37,116,7,2,0,75,27,0,2,0,50,207,1,76,499,382,0,2,64,158,77,45,109,220,160,259,387,181,463,167,275,481,1530,189,526,115,118,424,122,0,0,0,9,581,65,136,69,0,42,122,985,0,63,0,0,0,0,0,0,0,0,0,0,570,22,13,48,0,7,5,0,18,0
7,1,23,93,5,1,0,33,26,0,1,0,78,168,1,66,444,284,0,0,59,115,67,35,66,181,120,718,613,245,802,124,218,819,612,830,471,295,106,337,130,0,0,1,1,390,66,110,125,0,58,105,662,0,46,1,0,0,0,0,0,0,0,0,0,391,22,8,40,0,9,12,0,15,0
27,0,6,130,0,1,1,97,37,0,0,0,25,443,0,30,24,147,0,0,234,371,67,139,69,82,196,65,57,105,59,390,739,441,134,30,2592,9,266,357,287,0,2,0,15,718,9,28,17,0,5,322,597,0,24,0,0,0,0,0,0,0,0,0,1,793,21,11,21,0,4,19,0,1,0
8,6,14,63,1,7,0,36,24,0,0,0,62,378,14,48,273,196,0,1,189,255,54,71,51,115,170,566,375,212,597,291,424,582,481,279,619,1305,228,253,200,6,8,2,9,336,21,87,74,0,37,233,477,0,52,0,0,0,0,0,0,0,0,0,0,445,15,6,23,0,4,17,0,2,0
2,0,2,92,0,1,0,48,12,0,0,0,10,963,0,24,28,124,0,0,413,686,53,190,39,32,367,38,63,78,69,767,914,289,117,25,1099,14,528,243,601,0,0,0,1,511,9,18,23,0,7,574,545,0,22,0,0,0,0,0,0,0,0,0,2,670,12,1,4,0,0,14,0,6,0
10,2,15,203,0,2,1,55,40,0,1,0,57,321,0,63,137,265,0,2,154,287,86,101,75,150,178,162,175,149,209,285,438,460,396,63,880,64,203,1613,200,1,0,4,36,649,38,95,59,0,17,233,820,2,62,1,1,1,39,0,1,0,0,0,0,633,21,9,49,0,4,13,0,7,0
6,1,4,75,0,0,0,45,10,0,0,0,7,954,0,19,28,115,0,0,337,609,58,173,27,29,372,60,57,81,63,754,857,260,121,29,1053,20,500,233,603,0,8,88,1,530,9,12,14,0,4,572,520,0,23,0,0,0,0,0,0,0,0,0,0,641,11,3,10,0,1,15,1,7,0
1,1,0,1,0,0,0,3,1,0,0,0,1,0,3,1,2,3,0,1,237,1,6,0,10,10,2,14,2,4,8,1,3,4,5,2,4,3,2,2,1,9482,95,70,3,3,7,23,2,1,0,3,6,0,4,18,0,6,1,0,1,0,0,0,3,6,2,4,12,0,0,1,14,2,1
1,0,1,6,0,1,0,1,0,1,0,3,0,58,1,1,3,14,3,9,166,39,7,21,4,4,27,9,1,17,3,55,82,25,6,6,90,3,44,22,45,116,8949,112,6,52,3,17,0,0,1,46,24,1,4,1,0,0,0,0,0,0,0,0,1,44,2,0,1,0,0,6,15,23,2
1,1,3,5,2,2,0,3,2,3,0,3,1,0,1,3,0,11,2,5,283,1,3,0,5,11,0,22,5,21,6,1,1,0,2,0,4,3,0,4,16,46,79,9461,25,1,11,43,10,1,0,1,4,4,2,5,5,3,4,1,12,0,0,0,3,1,2,0,9,3,1,10,54,19,5
304,16,14,50,0,54,6,1,2,0,1,0,0,1,3,0,0,4,0,7,25,5,2,1,5,13,4,12,2,1,4,1,15,3,4,0,19,1,3,16,1,2,8,18,9253,10,71,105,35,10,0,5,7,4,3,0,81,1,1,4,2,0,0,1,0,13,3,2,2,0,3,16,2,0,3
37,0,16,159,0,6,17,81,19,0,2,0,38,300,0,46,130,251,0,6,170,248,71,89,41,75,126,82,150,81,116,270,489,348,355,41,1199,12,236,383,191,0,0,0,11,1911,20,46,41,0,6,220,1392,0,37,0,0,0,0,0,0,0,0,0,0,588,10,4,23,0,2,11,0,1,0
397,1,35,137,2,39,9,22,12,5,4,1,9,60,767,74,216,118,1,16,31,36,26,23,35,118,43,198,71,52,176,24,78,94,193,35,132,11,27,115,30,1,2,14,138,118,4796,463,725,0,10,43,184,3,88,0,0,0,0,0,0,0,0,0,0,146,10,10,66,0,11,21,3,17,1
433,5,60,249,2,30,26,36,19,0,9,1,33,34,35,76,393,149,2,38,51,42,41,20,83,201,61,277,146,110,272,20,72,113,258,53,166,47,17,181,21,3,8,19,167,150,247,4484,287,2,18,35,252,0,193,0,0,0,0,1,3,0,0,0,2,193,18,24,113,0,28,27,6,36,0
529,12,49,256,2,57,27,16,14,1,8,0,18,10,776,39,313,109,0,26,34,16,30,7,34,127,25,247,57,42,162,17,44,87,142,40,55,11,19,70,7,1,3,13,83,75,454,513,5131,0,18,16,111,4,104,0,0,0,0,0,0,0,0,0,1,75,20,6,109,0,4,25,1,6,1
0,0,0,0,0,0,0,0,0,0,0,0,0,4,0,0,0,0,0,0,2,1,0,0,0,0,0,0,0,2,0,3,1,0,0,0,3,0,0,0,1,1,3,1,28,0,1,8,0,10168,0,0,1,0,0,0,0,0,0,0,0,0,0,0,0,2,1,0,0,0,0,0,0,0,0
3,0,2,1,0,2,0,0,0,0,0,0,0,0,0,1,10,25,0,1,0,1,6,0,2,23,0,12,33,9,18,0,2,11,15,10,1,1,1,5,2,0,0,1,0,9,9,10,21,0,9942,2,11,0,2,0,0,0,0,0,0,0,0,0,0,15,1,0,1,0,0,0,0,0,0
5,0,11,49,0,0,0,64,12,0,0,0,11,725,0,20,11,116,0,0,426,637,79,199,53,34,427,31,42,71,39,590,762,254,93,21,925,10,452,238,502,0,0,0,1,401,8,10,9,0,4,1767,432,0,26,0,0,0,0,0,0,0,0,0,1,585,14,15,12,0,1,23,0,6,0
38,0,25,159,4,24,15,70,23,0,2,0,27,277,0,72,187,249,0,3,90,116,63,39,27,87,184,65,163,90,152,237,276,164,366,64,658,11,147,317,154,0,0,0,39,953,47,78,56,0,13,158,3431,9,35,0,0,0,0,0,0,0,0,0,2,704,17,6,17,0,0,12,0,14,1
7,0,4,35,0,7,3,18,4,0,0,0,10,69,0,14,42,61,0,2,276,35,18,6,5,17,35,18,38,16,38,59,73,39,92,11,155,3,49,96,30,0,1,2,34,246,11,14,12,0,1,44,837,7411,14,0,4,0,0,0,0,0,0,1,0,186,2,2,6,0,1,1,0,0,1
59,1,21,173,0,16,11,49,15,0,5,0,17,456,4,41,216,221,0,10,226,288,57,94,44,41,215,136,139,83,152,384,465,194,267,56,603,56,299,186,287,0,0,5,18,353,34,168,110,0,10,305,539,1,2494,0,0,0,4,0,0,0,0,0,1,535,17,13,25,0,1,15,0,4,0
0,0,0,0,0,0,0,0,0,0,0,0,0,0,0,0,0,0,0,0,1,0,0,0,0,0,0,0,0,0,0,0,0,0,0,0,0,0,0,0,0,6,0,2,0,0,0,1,0,0,0,0,0,1,0,9998,2,61,23,0,52,0,0,2,0,0,0,0,0,0,0,1,0,0,45
0,0,0,0,0,0,0,0,0,0,0,0,0,0,0,0,0,0,0,0,0,0,0,0,0,0,0,0,0,0,0,0,0,0,0,0,0,0,0,0,0,0,0,1,21,0,0,0,0,0,0,0,0,1,0,0,10288,0,4,5,4,0,0,2,0,0,0,0,0,0,0,0,0,0,0
0,0,0,6,0,0,0,1,1,0,0,0,2,11,0,0,3,7,0,0,28,10,5,5,0,1,7,2,1,1,0,12,16,4,10,1,48,0,7,17,12,0,0,3,1,23,1,1,1,0,0,8,57,0,0,31,11,9678,120,0,9,0,0,0,0,21,2,0,0,0,1,0,1,0,12
0,0,0,0,0,0,0,0,0,0,0,0,0,0,0,0,0,1,0,0,4,0,0,0,0,0,0,0,0,0,0,0,0,0,0,0,0,0,0,10,0,2,0,3,0,0,0,0,0,0,0,0,0,0,0,33,6,251,9897,0,9,0,0,1,0,0,0,0,0,0,0,0,0,0,8
0,0,0,0,0,0,0,0,0,0,0,0,0,0,2,0,0,0,0,0,3,0,0,0,0,0,0,0,0,0,0,0,0,0,0,0,0,0,0,0,0,0,0,0,1,0,0,0,0,0,0,0,0,0,0,0,13,0,1,10193,2,0,0,0,0,0,0,0,0,0,0,0,0,0,0
0,0,0,1,0,0,0,1,1,0,0,0,0,0,0,1,0,0,0,0,28,0,0,0,0,0,0,0,0,0,0,0,0,0,0,0,0,0,0,3,0,0,0,3,6,0,0,0,0,0,0,0,0,0,0,83,12,38,19,0,10016,0,0,0,0,0,0,0,0,0,0,1,0,0,7
0,0,0,0,0,0,0,0,0,0,0,0,0,0,0,0,0,0,0,0,0,0,0,0,0,0,0,0,0,0,0,0,0,0,0,0,0,0,0,0,0,0,0,0,0,0,0,0,0,0,0,0,0,0,0,0,0,0,0,0,0,10262,0,1,0,0,0,0,0,0,0,0,0,0,0
0,0,0,0,0,0,0,0,0,0,0,0,0,0,0,0,0,0,0,0,1,0,0,0,0,0,0,0,0,0,0,0,0,0,0,0,0,0,0,0,0,0,0,0,0,0,0,0,1,0,0,0,0,0,0,0,0,0,0,0,0,0,10069,0,0,0,0,0,0,0,0,1,0,0,1
0,0,0,0,0,0,0,0,1,0,0,0,0,0,0,0,0,0,0,0,0,0,0,0,0,0,0,1,0,1,0,0,0,0,0,0,0,0,0,0,0,0,0,1,4,0,0,0,0,0,0,0,0,0,0,0,10,0,0,8,3,0,0,10030,0,0,0,0,0,0,0,0,0,0,0
0,0,0,0,5,0,11,2,1,0,0,11,0,0,0,0,0,0,0,1,2,0,0,0,0,0,2,0,0,0,0,0,1,0,0,0,1,0,0,2,0,0,0,1,0,0,0,0,0,0,0,0,0,0,0,0,0,0,0,0,0,0,0,0,10242,0,0,0,0,0,0,0,1,0,0
10,0,14,133,0,3,2,334,8,0,0,0,4,184,0,54,38,64,0,0,31,57,69,15,25,47,86,19,46,51,41,133,222,40,76,6,406,2,91,100,94,0,0,0,2,141,3,16,4,0,8,89,320,0,15,0,0,0,0,0,0,0,0,0,1,7025,13,14,7,0,4,2,0,7,0
2,0,1,14,0,1,0,15,1,0,0,0,0,7,0,2,8,6,0,0,6,16,37,4,23,35,21,10,4,4,8,6,27,3,14,1,17,0,2,4,3,0,0,0,1,8,1,19,1,0,1,15,20,0,1,0,0,0,0,0,0,0,0,0,0,42,9852,13,33,0,6,2,0,1,0
8,0,3,18,0,2,0,44,3,0,0,0,0,0,52,7,9,10,0,0,5,7,12,5,6,24,1,40,6,1,1,1,5,1,8,0,6,0,0,3,0,1,0,2,0,10,0,8,1,0,1,6,11,0,2,0,0,0,0,0,0,0,0,0,0,54,24,9864,28,0,3,1,0,0,0
1,1,3,14,0,0,0,10,8,0,0,0,7,0,0,6,35,46,0,0,7,1,17,3,46,286,14,31,3,4,24,1,10,13,23,1,13,1,0,18,1,0,1,1,0,22,7,43,11,0,1,4,11,0,3,0,0,0,0,0,0,0,0,0,0,14,18,16,9541,0,15,3,0,15,1
0,0,0,0,0,0,0,0,0,0,0,0,0,0,0,0,0,0,0,0,0,0,0,0,0,0,0,0,0,0,0,0,0,0,0,0,0,0,0,0,0,0,0,0,0,0,0,0,0,0,0,0,0,0,0,0,0,0,0,0,0,0,0,0,0,0,0,0,0,10145,0,0,0,0,0
0,0,1,2,0,0,0,1,0,0,0,0,0,0,0,5,7,2,0,0,7,0,12,0,7,12,3,1,1,6,7,0,3,0,3,0,1,0,0,0,1,0,0,1,0,0,1,6,0,0,0,0,0,0,0,0,0,0,0,0,0,0,0,0,0,12,4,6,13,0,10153,0,0,9,0
96,1,19,171,5,13,7,33,10,0,0,2,5,312,2,26,81,69,2,5,417,189,33,76,61,101,154,85,57,67,73,246,306,108,95,19,372,9,162,102,165,3,2,6,43,189,62,88,47,0,6,211,235,2,41,1,0,1,1,3,0,0,0,0,0,282,32,3,32,0,1,5071,1,7,0
0,1,1,1,0,0,3,0,0,3,0,1,0,0,2,1,0,1,0,26,14,0,4,0,0,1,0,2,1,2,0,0,0,0,0,0,0,1,0,0,1,3,10,32,2,0,0,5,0,1,0,0,0,0,0,2,0,1,0,0,2,0,0,1,3,0,0,0,0,0,3,0,10141,1,5
0,0,3,1,1,1,0,1,2,0,0,0,0,9,1,4,5,7,0,0,39,5,9,0,16,13,30,6,1,5,5,3,10,14,5,0,18,0,4,8,6,1,3,4,2,11,4,16,1,0,2,8,10,1,0,0,0,0,0,0,0,0,0,0,0,19,3,1,31,0,8,2,1,9921,0
0,0,0,0,0,0,0,2,0,0,0,0,0,0,0,0,0,0,0,0,69,0,2,0,0,0,0,0,0,0,0,0,0,0,0,0,0,0,0,0,0,3,1,0,0,0,0,0,0,0,0,0,0,0,0,27,0,11,3,0,0,0,0,0,0,0,0,0,0,0,0,1,1,0,10168
