9311,22,51,80,0,95,39,3,1,0,36,0,0,0,4,0,1,3,0,39,2,0,0,0,0,4,3,15,0,1,0,2,5,0,0,0,8,0,0,6,0,1,0,4,112,6,56,99,115,0,0,1,12,2,10,0,0,0,0,0,0,0,0,0,0,10,0,1,2,0,0,19,0,1,0
56,10102,2,2,0,8,0,1,0,0,2,0,0,2,0,3,9,2,0,3,2,4,0,0,1,1,3,1,2,1,0,3,9,1,0,0,1,0,5,0,2,1,2,4,15,1,0,10,11,0,0,2,0,0,1,0,0,0,0,0,0,0,0,0,2,1,0,0,0,0,0,19,5,0,0
24,3,9511,248,0,62,4,0,1,1,5,1,1,11,66,7,2,1,0,3,2,6,0,1,1,9,4,20,1,3,0,8,24,0,3,0,7,0,3,1,1,1,0,2,7,4,2,8,5,0,0,1,7,0,4,0,0,0,0,0,0,0,0,0,0,14,1,1,0,0,0,70,2,0,0
34,3,303,9005,0,11,0,17,8,2,3,3,0,6,6,12,11,19,0,9,3,9,5,0,1,35,3,80,9,7,7,9,74,9,17,1,74,0,0,14,4,0,1,7,8,32,16,30,41,0,1,0,59,2,21,0,0,0,0,0,0,0,0,0,0,118,1,7,3,0,0,39,3,0,0
0,0,0,0,10135,0,0,0,0,0,0,0,0,0,0,0,0,0,0,0,0,0,0,0,4,6,0,1,0,1,0,0,1,0,0,0,0,1,0,0,0,0,0,0,0,0,0,13,0,0,0,0,0,0,0,0,0,0,0,0,0,0,0,0,3,0,0,0,0,0,0,1,0,0,0
126,6,63,17,0,9727,78,61,68,0,7,1,0,0,8,3,2,0,0,12,2,0,2,0,0,14,0,0,0,0,1,0,1,0,1,0,1,0,1,1,0,1,0,0,34,2,19,12,21,0,0,0,4,0,2,0,0,0,0,0,0,0,0,0,0,9,0,3,0,0,0,9,2,0,0
71,1,7,0,0,72,10003,0,0,0,18,0,0,0,0,0,0,0,0,36,4,0,0,0,0,0,0,0,0,0,0,0,0,0,0,0,0,0,0,0,0,0,0,0,3,17,6,26,11,0,0,0,6,0,3,0,0,0,0,0,0,0,0,0,0,0,0,0,0,0,0,1,0,0,0
4,0,9,24,0,11,2,9379,37,8,1,4,1,12,1,9,5,12,0,0,30,7,10,3,3,6,7,1,3,3,1,6,41,1,4,0,66,0,4,6,8,2,2,1,2,25,2,5,1,0,0,12,23,0,4,0,0,0,0,0,0,0,0,0,0,476,2,4,1,0,1,6,3,1,0
3,0,0,4,0,26,5,51,9879,10,1,1,2,0,8,1,0,7,0,2,1,2,8,4,3,9,0,1,1,2,1,0,19,17,6,1,45,0,0,9,0,0,0,2,0,7,3,3,1,0,0,1,7,0,0,0,0,0,0,0,0,0,0,0,2,11,0,0,2,0,0,3,3,4,0
3,0,0,0,0,3,6,8,19,10145,0,0,0,0,0,0,0,0,0,0,0,0,0,0,0,0,0,0,0,0,0,0,0,0,0,0,0,0,0,0,0,1,0,1,2,0,4,0,0,0,0,0,0,1,0,0,0,0,0,0,0,0,0,0,0,0,0,0,0,0,0,6,2,0,0
96,4,16,0,0,35,12,1,0,0,10066,0,0,0,8,3,0,1,0,25,0,0,0,0,0,0,0,1,0,1,0,0,0,0,0,0,0,0,0,0,0,0,1,2,21,10,2,5,12,0,0,0,0,0,10,0,0,0,0,0,0,0,0,0,0,1,0,0,0,0,0,4,1,0,1
0,0,0,0,0,0,0,1,0,0,0,10108,0,0,0,0,0,0,0,2,0,0,0,0,0,0,0,0,0,0,0,0,0,0,0,0,0,0,0,0,0,0,0,1,0,0,0,0,0,0,0,0,0,1,0,0,0,0,0,0,0,0,0,0,0,0,0,0,0,0,0,1,0,0,0
0,0,0,9,0,0,0,1,11,0,0,0,9803,0,0,0,5,11,0,0,3,1,1,1,5,13,0,86,12,28,17,1,6,31,5,10,13,3,0,21,2,0,1,0,0,5,2,16,10,0,2,3,15,0,2,0,0,0,0,0,0,0,0,0,0,9,0,0,1,0,0,0,0,0,0
0,0,0,33,0,0,0,26,4,0,0,0,4,1093,0,11,5,85,0,0,524,616,24,112,12,4,189,10,19,40,16,885,2377,120,63,28,903,1,478,114,436,0,0,0,2,349,0,2,1,0,0,517,414,0,18,0,0,0,0,0,0,0,0,0,0,650,0,1,2,0,0,5,0,2,0
0,0,3,1,0,2,0,0,0,0,0,4,0,0,10107,0,0,0,0,1,0,0,0,0,0,0,0,0,0,1,0,0,0,0,0,0,0,0,0,0,0,0,0,3,0,0,5,2,3,0,0,0,0,0,0,0,0,0,0,0,0,0,0,1,0,0,0,1,0,0,0,181,0,1,0
0,0,0,21,0,2,0,12,2,0,1,0,1,4,2,9660,21,27,0,1,2,4,5,0,0,8,13,4,26,27,13,5,20,6,32,9,49,0,2,7,1,1,0,1,1,47,4,30,7,0,0,1,67,0,11,0,0,0,0,0,0,0,0,0,0,115,0,6,12,0,0,1,1,10,0
1,11,9,22,1,0,0,15,3,0,1,0,4,20,0,39,8115,162,0,0,8,14,12,0,6,17,10,40,96,42,195,6,48,48,235,74,46,10,15,65,6,0,0,0,0,75,40,150,44,0,4,13,141,0,75,0,0,0,0,0,0,0,0,0,0,99,0,4,9,0,0,1,1,4,0
2,4,3,85,0,1,0,46,29,0,0,0,17,197,0,65,227,3501,9,5,73,157,59,22,23,73,83,146,203,157,232,136,488,278,358,152,607,51,105,149,79,0,2,3,1,488,51,136,75,0,44,128,704,2,104,1,0,0,0,0,0,0,0,0,14,559,0,14,23,3,0,6,0,12,0
0,0,0,0,0,0,0,0,0,0,0,0,0,0,0,0,0,110,10068,0,0,0,0,0,0,0,0,0,0,0,0,0,0,0,0,0,0,0,0,0,0,0,1,2,1,0,2,7,1,0,0,0,0,0,0,0,0,0,1,0,0,0,1,0,0,0,0,0,0,0,0,0,0,0,0
35,3,1,3,0,10,10,0,0,0,16,1,1,1,0,3,3,32,4,10015,3,1,0,0,4,2,0,22,4,6,4,2,2,3,7,6,5,2,0,0,2,0,1,2,5,2,11,32,11,0,0,0,5,1,6,0,0,0,0,0,0,0,0,0,2,2,0,0,1,0,0,2,8,1,0
1,0,0,38,0,4,7,32,7,0,0,0,1,881,0,16,6,74,0,7,1492,598,16,99,13,9,238,10,11,24,9,723,2006,92,48,19,865,1,435,94,357,0,0,0,4,288,5,5,9,0,0,603,324,0,10,0,0,0,0,0,0,0,0,0,2,489,0,0,3,0,0,271,0,0,0
0,0,0,50,1,0,0,27,11,0,0,0,4,1012,0,5,4,76,0,0,681,969,22,88,16,8,198,15,17,31,7,822,2299,133,56,23,954,1,480,114,395,0,0,0,0,310,2,0,1,0,0,538,335,1,11,0,0,0,0,0,0,0,0,0,0,589,2,4,1,0,0,5,0,1,0
0,0,0,4,0,2,0,18,8,0,0,0,3,45,0,6,7,21,0,0,0,11,9696,3,11,54,5,2,5,8,2,13,68,19,7,2,72,0,12,8,6,0,0,1,2,18,2,2,5,0,0,24,25,0,0,0,0,0,0,0,0,0,0,0,0,117,1,3,2,0,2,6,0,2,0
0,0,0,22,0,0,0,15,5,0,0,0,5,864,0,12,4,67,0,0,529,573,30,1330,13,6,132,16,16,26,4,783,2100,118,45,16,875,0,431,129,368,0,0,0,1,289,4,0,3,0,0,560,359,1,8,0,0,0,0,0,0,0,0,0,0,521,1,2,1,0,0,3,0,1,0
1,0,3,4,2,0,0,7,11,0,0,0,3,5,0,1,5,12,0,0,25,19,18,2,9367,150,33,18,3,24,13,3,102,44,6,12,75,0,6,18,1,2,0,1,1,18,3,11,6,0,1,18,11,0,1,0,0,0,0,0,0,0,0,0,1,27,1,4,12,0,1,13,0,11,0
5,2,28,57,4,22,0,29,16,0,0,0,3,17,0,22,23,106,0,0,24,24,110,5,143,8212,27,35,18,67,55,4,126,77,72,16,118,0,6,42,4,3,0,1,2,35,12,57,23,0,8,32,61,0,6,0,0,0,0,0,0,0,0,0,0,170,5,20,290,0,14,19,0,23,0
1,0,2,18,0,0,0,16,2,0,0,0,1,651,0,10,4,66,0,0,513,351,12,51,17,7,4373,4,11,38,10,545,1109,65,61,10,470,3,290,60,243,0,0,0,0,148,2,5,1,0,1,400,268,0,12,0,0,0,0,0,0,0,0,0,1,402,1,1,5,0,0,0,0,7,0
18,3,57,222,2,10,0,19,6,0,0,0,93,49,8,28,158,259,0,13,32,65,16,10,33,86,14,4580,234,277,506,41,170,400,215,380,237,207,34,104,24,5,3,7,9,134,146,276,214,0,29,39,204,0,68,0,0,0,0,0,0,0,0,2,0,182,0,68,33,0,0,32,3,7,0
23,1,1,57,0,2,0,23,3,0,2,0,32,96,0,94,160,287,0,4,51,62,12,7,8,35,33,202,5450,107,302,84,324,291,307,319,399,77,46,115,42,0,1,2,1,274,26,37,36,0,26,41,387,0,34,0,0,0,0,0,0,0,0,0,1,313,0,5,3,0,0,5,2,2,0
0,3,12,45,4,2,1,26,33,0,1,1,80,335,83,85,93,305,0,0,178,259,42,40,41,97,154,506,186,1785,391,216,815,530,231,239,745,116,176,196,119,2,10,50,14,335,31,113,60,4,35,211,403,0,49,0,3,0,0,0,0,0,0,0,1,582,0,1,13,0,1,25,3,19,0
1,2,2,66,2,5,0,14,19,0,1,0,72,86,2,48,346,377,0,0,70,135,25,17,34,99,61,586,362,328,2550,109,374,891,473,654,424,264,78,184,56,1,2,0,2,257,72,216,98,0,54,60,346,0,63,0,0,0,0,0,0,0,0,0,0,334,2,6,34,0,4,13,0,10,0
1,0,0,29,0,0,0,30,6,0,0,0,2,1097,0,11,7,85,0,0,548,592,20,113,13,4,203,18,17,27,9,858,2428,139,67,21,926,1,539,106,411,0,0,0,0,313,1,1,2,0,1,496,421,0,13,0,0,0,0,0,0,0,0,0,0,737,0,1,0,0,0,4,0,0,0
2,0,9,92,2,0,0,42,23,0,0,0,2,725,0,15,10,112,0,0,366,439,36,70,81,139,92,12,25,49,24,671,3666,129,66,22,965,0,366,116,318,0,0,1,0,344,5,11,2,0,2,171,372,0,20,0,0,0,0,0,0,0,0,0,0,695,2,13,16,0,2,4,0,4,0
2,0,4,68,0,1,0,36,32,0,0,0,22,304,0,38,116,349,0,0,205,278,34,52,29,43,111,324,223,210,561,272,1030,1860,345,335,978,97,209,336,152,1,3,0,3,471,38,64,57,0,14,179,387,0,68,0,0,0,0,0,0,0,0,0,1,406,1,2,21,0,0,5,0,7,0
4,4,8,91,0,3,0,38,16,0,1,0,18,215,2,69,288,547,0,0,111,136,38,18,30,64,82,177,251,149,319,149,490,278,2494,375,558,148,117,438,85,0,2,0,0,555,71,96,44,0,33,114,926,0,112,0,0,0,0,0,0,0,0,0,2,528,3,6,7,0,0,2,0,8,0
3,1,10,52,1,3,0,14,17,0,1,0,30,172,1,58,311,357,0,0,98,142,33,16,25,66,78,586,467,230,767,140,523,820,867,1375,514,307,102,262,74,0,0,1,0,310,52,125,59,0,32,87,590,0,78,0,0,0,0,0,0,0,0,0,0,367,2,5,14,0,1,4,0,6,0
14,0,5,74,0,0,0,47,29,0,0,0,8,481,0,25,6,139,0,0,318,306,22,64,15,22,92,28,77,71,15,442,1798,195,103,33,3076,3,212,139,182,0,2,0,8,577,3,18,10,0,0,284,450,1,16,0,0,0,0,0,0,0,0,0,0,836,0,1,4,0,0,13,0,1,0
2,3,7,50,0,0,0,21,15,0,2,0,35,394,13,52,137,225,0,1,199,260,29,41,15,38,86,435,253,222,553,325,967,512,611,517,607,1540,197,200,137,4,5,0,1,265,23,74,62,0,37,207,397,0,64,0,0,0,0,0,0,0,0,0,3,440,0,1,4,0,0,10,3,1,0
3,0,0,34,0,0,0,28,4,0,0,0,3,1030,0,14,12,79,0,0,555,636,25,103,12,3,173,16,28,42,22,845,2444,128,90,39,952,3,514,99,409,0,0,0,1,331,4,6,18,0,1,525,445,0,15,0,0,0,0,0,0,0,0,0,0,655,0,0,0,0,0,3,0,1,0
8,2,2,136,0,1,1,35,28,0,1,0,32,356,0,43,62,252,0,1,219,272,28,50,26,30,99,118,122,124,127,285,948,358,340,94,808,57,190,2495,115,0,1,0,9,629,28,90,41,0,5,190,719,1,99,0,1,0,31,0,0,0,0,0,0,549,1,3,9,0,0,19,0,7,0
0,1,0,41,0,0,0,30,10,0,0,0,3,997,0,11,9,97,0,0,473,576,28,105,5,10,167,36,32,35,22,831,2327,131,71,36,880,15,478,105,443,0,7,76,0,328,4,6,4,0,2,465,422,0,16,0,0,0,0,0,1,0,0,0,0,679,1,1,2,0,0,5,2,4,0
0,1,1,1,0,0,2,6,0,0,0,0,0,0,6,1,5,2,1,0,1,0,1,1,5,6,2,6,2,2,4,0,10,4,8,1,4,0,0,6,0,9576,79,56,3,5,3,23,3,0,0,7,3,2,1,7,0,2,4,0,2,0,0,0,1,5,0,0,2,0,0,226,8,1,1
1,1,0,3,1,0,0,5,0,0,0,0,0,81,1,5,1,8,3,2,35,49,4,8,0,2,18,5,1,16,2,51,214,8,7,3,72,2,31,5,26,81,9050,87,3,22,2,5,0,1,0,34,40,1,7,0,0,0,0,0,0,0,0,1,0,40,0,0,0,0,0,126,13,20,1
1,0,2,0,0,0,1,0,1,2,0,3,0,0,2,1,0,6,5,3,1,1,4,0,4,5,0,18,5,17,10,1,3,0,3,2,2,3,0,3,22,42,67,9615,14,1,4,39,3,0,1,0,1,3,8,1,3,0,1,0,7,0,0,0,0,1,0,0,7,3,0,274,26,9,0
108,8,8,20,0,22,2,0,2,0,10,0,0,3,2,1,1,9,0,4,2,6,1,1,3,2,5,6,2,2,1,2,15,3,7,0,16,0,4,6,2,1,6,10,9699,12,12,99,22,13,0,5,9,2,4,0,40,1,0,0,2,0,0,1,0,12,0,1,0,0,0,27,0,1,0
8,0,5,101,0,0,12,44,24,0,5,0,7,320,0,52,39,221,0,1,229,230,22,39,10,19,48,31,60,35,44,312,1232,210,256,56,1285,4,196,307,137,0,0,0,1,2093,26,19,24,0,0,173,1596,0,38,0,0,0,0,0,0,0,0,0,0,623,3,2,0,0,0,5,0,0,0
125,4,12,64,0,45,7,14,4,2,5,0,3,44,730,74,155,171,0,16,31,45,12,10,20,40,23,120,33,46,134,29,139,81,155,55,137,6,31,90,22,3,2,4,56,96,5802,481,692,0,13,27,172,1,61,0,0,0,0,0,0,0,0,0,0,121,1,4,22,0,0,35,3,13,0
217,6,42,152,0,27,30,28,8,2,10,1,29,42,26,54,310,219,2,34,27,30,12,6,24,77,46,249,70,114,196,26,116,99,239,89,137,39,22,126,13,3,4,15,100,116,234,5727,318,0,12,35,204,4,142,0,0,0,0,0,0,0,0,0,2,165,1,6,22,0,1,66,2,23,0
240,12,20,153,1,40,18,8,2,0,11,0,4,9,734,25,253,132,0,9,19,14,11,4,17,40,11,191,27,51,120,8,53,72,106,59,39,9,25,68,7,3,2,5,34,59,674,525,6022,0,11,14,80,1,83,0,0,0,0,0,0,0,0,1,1,70,0,4,39,1,0,47,5,6,0
0,0,0,0,0,0,0,0,0,0,0,0,0,3,0,0,0,0,3,0,0,1,0,0,0,0,0,1,0,0,0,3,2,0,0,0,3,0,1,0,0,1,1,2,24,0,0,8,0,10172,0,0,1,0,0,0,0,0,0,0,0,0,0,0,0,1,0,0,0,0,1,2,0,1,0
0,0,0,4,0,0,0,0,0,0,0,0,5,1,0,0,12,50,0,0,1,3,1,1,2,16,0,23,25,6,39,0,2,11,18,18,1,10,0,4,1,0,0,0,0,5,4,7,18,0,9916,1,9,0,2,0,0,0,0,0,0,0,0,0,0,3,0,0,0,0,0,1,0,1,0
0,0,6,31,0,0,0,36,3,0,0,0,3,846,0,12,5,81,0,0,689,545,23,108,12,7,221,8,15,25,8,688,1878,116,53,19,757,0,450,107,326,1,0,0,0,261,1,3,1,0,0,2026,317,0,10,0,0,0,0,0,0,0,0,0,0,519,0,5,0,0,0,2,0,0,0
20,1,8,105,1,14,11,38,16,0,1,0,12,310,0,61,59,252,0,1,115,107,17,12,8,17,104,36,64,42,48,213,719,84,332,68,599,11,132,341,115,0,0,0,7,935,42,36,25,0,10,118,4166,21,51,0,0,0,0,0,0,0,0,0,0,700,1,5,5,0,1,14,0,6,0
4,0,2,27,0,3,0,13,2,0,0,0,7,73,0,18,13,56,0,2,33,25,9,4,2,7,13,8,19,6,11,47,187,22,86,21,136,1,33,78,29,0,2,0,8,248,17,6,4,0,1,28,1013,7436,17,0,1,0,0,0,0,0,0,2,1,182,0,1,0,0,0,251,1,0,0
26,2,6,103,0,6,15,23,7,0,11,0,9,513,2,36,145,240,1,6,221,299,18,42,15,19,108,119,64,53,116,398,1191,118,193,88,517,51,255,98,203,2,1,1,9,284,23,163,88,0,5,265,432,0,3082,0,0,0,0,0,0,0,0,0,0,499,0,4,5,0,0,37,1,1,0
0,0,0,0,0,0,0,0,0,0,0,0,0,0,0,0,0,0,0,0,0,0,0,0,0,0,0,1,0,0,0,0,0,0,0,0,0,0,0,0,0,7,0,0,1,0,0,0,0,0,0,0,0,0,0,10125,1,14,8,0,27,0,0,3,0,0,0,0,0,0,0,4,0,1,3
0,0,0,0,0,0,0,0,0,0,0,0,0,0,0,0,0,0,0,0,0,0,0,0,0,0,0,0,0,0,0,0,0,0,0,0,0,0,0,0,0,0,0,0,3,0,0,0,0,0,0,0,0,0,0,1,10312,0,0,0,8,0,0,2,0,0,0,0,0,0,0,0,0,0,0
0,0,0,1,0,0,0,0,2,0,0,0,0,16,0,1,0,13,0,0,9,9,0,1,2,0,2,2,0,0,2,12,37,2,10,0,41,0,12,9,13,0,0,1,1,31,0,0,0,0,0,8,63,1,0,13,9,9695,131,0,8,0,0,0,0,19,0,0,0,0,1,13,0,0,9
0,0,0,0,0,0,0,0,0,0,0,0,0,0,0,0,0,0,1,0,0,0,0,0,0,0,0,0,0,2,0,0,0,0,0,0,0,0,0,8,0,2,0,1,0,0,0,0,0,0,0,0,0,0,0,34,3,99,10047,1,17,0,0,0,0,0,0,0,0,0,0,1,1,0,8
0,0,0,0,0,0,0,0,0,0,0,2,0,0,0,0,0,0,0,0,0,0,0,0,0,0,0,0,0,0,0,0,0,0,0,0,0,0,0,0,0,0,0,0,0,0,0,0,0,0,0,0,0,0,0,0,5,0,1,10199,4,0,0,1,0,0,0,0,0,0,0,2,0,1,0
0,0,0,0,0,0,0,0,0,0,0,0,0,0,0,0,0,0,0,0,0,0,0,0,0,0,0,0,0,0,0,0,0,0,0,0,0,0,0,0,0,0,0,1,1,0,0,0,0,0,0,0,0,1,0,50,7,9,19,0,10094,0,1,0,0,0,0,0,0,0,0,28,3,0,6
0,0,0,0,0,0,0,0,0,0,0,0,0,0,0,0,0,0,0,0,0,0,0,0,0,0,0,0,0,0,0,0,0,0,0,0,0,0,0,0,0,0,0,0,1,0,0,0,0,0,0,0,0,0,0,1,0,0,0,0,0,10260,0,1,0,0,0,0,0,0,0,0,0,0,0
0,0,0,0,0,0,0,0,0,0,0,0,0,0,0,0,0,0,1,0,0,0,0,0,0,0,0,0,0,0,0,0,0,0,0,0,0,0,0,0,0,0,1,0,0,0,0,0,1,0,0,0,0,0,0,0,0,0,1,0,0,0,10068,1,0,0,0,0,0,0,0,0,0,0,0
0,0,0,0,0,0,0,0,0,0,0,1,0,0,1,0,0,0,0,0,0,0,0,0,0,0,0,1,0,0,0,0,0,0,0,0,0,0,0,0,0,0,0,1,0,0,0,0,0,0,0,0,0,0,0,0,4,0,0,0,8,0,0,10042,0,0,0,0,0,0,0,0,0,0,1
0,0,0,0,5,0,1,0,0,0,0,1,0,0,0,1,0,3,0,0,1,1,0,0,2,1,0,0,3,2,0,0,0,0,1,0,1,0,0,1,0,0,0,0,0,0,0,0,0,0,0,3,0,1,0,0,0,0,0,0,0,0,0,0,10251,0,0,0,0,0,0,0,3,1,0
2,0,10,68,0,1,0,154,4,0,0,0,4,230,0,50,9,56,0,0,21,58,35,10,7,11,38,10,15,25,12,108,466,19,55,5,317,1,59,35,54,0,0,0,0,85,5,18,0,0,2,52,254,0,31,0,0,0,0,0,0,0,0,0,1,7758,2,11,0,0,1,2,0,5,0
1,0,2,2,0,0,0,0,0,0,0,0,0,4,0,1,4,1,0,0,12,6,3,1,5,10,0,0,2,0,3,2,10,5,1,0,8,0,11,2,1,0,0,1,0,3,0,0,1,0,1,7,1,0,1,0,0,0,0,0,0,0,0,0,0,11,10190,0,3,0,1,1,0,0,0
3,0,1,17,0,0,0,22,1,0,0,0,0,1,34,3,4,12,0,0,1,1,6,0,5,12,4,11,4,1,1,0,4,0,2,0,5,0,0,1,0,1,0,2,1,5,0,2,0,0,0,4,7,1,3,0,0,0,0,0,0,0,0,0,0,37,0,10081,3,0,0,1,0,0,0
1,0,3,7,1,0,0,5,10,0,0,0,1,0,0,10,7,27,0,0,3,6,5,1,17,184,4,10,1,6,18,0,17,16,6,3,14,0,0,4,1,2,0,1,0,10,4,7,8,0,0,0,7,0,2,0,0,0,0,0,0,0,0,0,0,8,2,10,9912,0,1,1,0,12,0
0,0,0,0,0,0,0,0,0,0,0,0,1,0,0,0,0,1,0,0,0,0,0,0,0,1,0,0,0,0,0,0,0,0,0,0,0,0,0,0,0,0,0,0,0,0,0,0,0,0,0,0,0,0,0,0,0,0,0,0,0,0,0,0,0,0,0,0,0,10141,0,0,0,1,0
0,0,2,1,0,0,0,0,0,0,0,0,0,1,0,0,1,3,0,0,0,0,13,0,1,11,2,0,1,2,1,0,1,0,3,0,1,1,1,0,0,1,1,0,0,0,0,3,0,0,0,0,0,0,0,0,0,0,0,0,0,0,0,0,0,10,3,2,1,0,10208,7,0,5,0
48,0,15,117,1,7,4,21,3,0,2,1,1,273,0,10,56,50,0,7,161,156,17,31,12,46,80,80,33,32,52,254,747,52,74,37,304,5,139,64,134,3,1,7,20,126,75,125,63,0,4,138,173,1,37,2,0,1,0,1,2,0,0,0,0,221,7,3,6,0,0,5977,0,7,0
0,0,0,0,1,0,0,0,0,0,0,0,0,0,0,0,0,1,1,13,0,0,1,0,0,0,0,1,2,0,0,0,0,0,0,0,0,1,0,1,0,7,5,23,4,0,2,2,1,0,0,0,0,2,1,1,0,1,1,0,1,0,0,2,6,0,1,0,0,0,0,7,10185,1,3
0,0,3,1,0,1,0,1,1,0,0,0,0,7,2,7,2,9,0,0,7,8,1,1,16,10,21,5,0,12,2,8,24,8,3,0,23,0,5,6,6,1,1,4,0,3,3,7,2,0,0,5,8,1,1,0,0,0,0,0,0,0,0,0,5,15,0,0,9,0,1,30,2,9983,0
0,0,0,0,0,0,0,0,0,0,0,0,0,0,0,0,0,0,0,0,0,0,0,0,0,0,0,0,0,0,0,0,0,0,0,0,0,0,0,0,0,3,2,0,0,0,0,0,0,0,0,0,0,0,1,12,0,6,1,0,0,0,1,0,0,0,0,0,0,0,0,0,0,0,10262
