9222,13,38,85,0,91,20,2,2,0,3,1,0,0,4,0,1,0,0,94,1,1,1,0,1,0,2,8,0,0,0,1,4,0,0,0,5,0,0,4,0,1,0,8,135,8,81,54,249,0,1,0,15,0,5,0,0,0,0,0,0,0,0,0,0,12,2,2,1,0,0,2,1,0,1
102,10098,1,0,0,8,3,1,0,1,1,0,0,2,0,0,1,0,0,0,3,2,0,0,0,0,3,0,0,0,0,0,22,0,0,0,0,0,0,1,1,1,4,24,7,0,2,4,3,0,0,3,0,0,1,0,0,0,0,0,0,0,0,0,0,1,0,0,0,0,0,1,1,0,0
60,6,9378,372,1,38,1,3,2,0,1,1,1,6,66,2,1,1,0,13,8,6,1,3,0,1,2,13,0,3,0,2,37,0,2,0,2,2,0,1,2,0,1,70,8,2,2,3,3,0,0,2,9,0,2,0,0,0,0,0,0,0,0,0,3,24,1,1,0,0,0,2,2,1,0
191,10,167,9122,2,22,0,14,15,0,1,0,4,5,7,2,6,3,1,12,15,3,8,1,1,4,4,71,1,0,0,2,109,1,5,0,23,0,0,12,1,1,2,33,56,6,12,24,13,0,0,0,70,0,14,0,0,0,0,0,0,0,0,0,0,119,3,1,0,0,0,2,1,0,0
0,0,0,0,10110,0,0,1,0,2,0,0,0,0,0,0,12,1,0,0,0,0,0,0,2,0,0,0,0,0,0,0,0,0,0,0,0,0,0,0,0,0,0,1,0,0,0,3,1,0,1,0,0,0,0,0,0,0,0,0,0,0,0,0,32,0,0,0,0,0,0,0,0,0,0
185,4,66,18,0,9565,43,111,65,0,6,1,0,0,7,1,0,0,0,75,2,0,1,0,0,0,0,1,0,2,0,0,3,0,0,0,0,0,0,0,0,0,1,6,57,13,32,6,29,0,0,0,2,0,4,0,0,0,0,0,0,0,0,0,0,9,2,2,0,0,0,0,2,0,0
104,0,10,1,1,61,9942,1,1,6,6,0,0,0,0,0,0,0,0,59,0,0,0,0,0,0,0,0,0,0,0,0,0,0,0,0,0,0,0,0,0,0,0,0,7,40,3,6,25,0,0,0,3,3,6,0,0,0,0,0,0,0,0,0,0,0,0,0,0,0,0,0,0,0,0
11,1,10,44,13,8,9,9047,59,9,1,1,0,21,1,4,0,3,0,1,26,7,10,1,3,1,7,4,1,4,0,6,88,0,4,0,26,0,0,5,2,5,2,8,2,10,2,7,0,0,0,7,26,1,1,0,0,0,0,0,0,0,0,0,10,763,3,12,1,0,0,2,2,0,0
7,0,2,6,0,38,7,75,9941,7,0,0,2,1,9,0,4,1,0,1,2,1,2,1,1,0,0,0,0,0,0,0,19,3,1,0,11,1,0,2,1,0,0,4,1,4,1,1,2,0,0,1,1,0,0,0,0,0,0,0,0,0,0,0,3,10,1,0,0,0,0,2,1,0,0
2,0,0,1,0,1,15,13,50,10102,0,1,0,0,0,0,0,0,0,0,0,0,0,0,0,0,0,0,0,1,0,0,0,0,0,0,0,0,0,0,0,1,0,8,1,0,2,1,1,0,0,0,0,0,0,0,0,0,0,0,0,0,0,0,0,0,0,0,0,0,0,0,1,0,0
214,2,10,1,0,25,1,0,1,0,9919,0,0,0,8,1,4,0,0,47,1,0,0,0,0,0,0,0,0,0,0,0,1,0,0,0,0,0,0,1,0,1,1,5,21,6,3,4,49,0,0,0,1,0,5,0,0,0,0,0,0,0,0,0,0,5,0,0,0,0,0,0,2,0,0
0,0,0,0,0,0,4,0,1,0,0,10084,0,0,2,0,0,0,0,1,0,0,0,0,0,0,0,0,0,0,0,0,0,0,0,0,0,0,0,0,0,0,0,2,0,0,0,0,0,0,0,0,0,0,1,0,0,0,0,0,0,0,0,0,19,0,0,0,0,0,0,0,0,0,0
0,0,0,11,0,0,0,2,30,0,0,0,9794,1,0,0,24,5,0,0,6,8,2,1,9,6,2,40,3,4,3,3,30,28,16,0,24,0,1,16,0,0,0,0,0,8,0,14,14,0,1,3,30,0,1,0,0,0,0,0,0,0,0,0,1,20,0,0,3,0,0,1,0,0,0
11,0,2,66,0,0,0,23,32,0,0,0,63,762,0,2,6,9,0,1,931,635,25,52,27,0,202,1,0,3,0,438,4614,10,20,0,222,0,74,62,298,0,0,0,2,56,0,4,0,0,0,439,383,0,12,0,0,0,0,0,0,0,0,0,0,688,9,2,2,0,1,6,0,0,0
0,0,1,2,1,1,0,0,0,0,0,5,0,0,10099,0,0,0,0,1,1,0,0,0,0,0,0,0,0,0,0,0,1,0,0,0,0,0,0,0,0,0,0,182,0,0,1,3,14,0,0,0,0,0,1,0,0,0,0,0,0,0,0,0,0,0,0,2,0,0,0,0,1,0,0
2,0,5,6,0,2,0,6,5,0,1,0,5,13,7,9984,30,5,0,0,11,3,6,1,16,2,9,2,2,9,1,1,9,1,7,1,3,1,1,4,1,1,0,0,1,6,1,34,6,0,0,3,11,0,5,0,0,0,0,0,0,0,0,0,1,54,7,2,5,0,0,0,2,1,0
3,59,24,64,0,14,0,22,97,0,1,0,82,29,0,8,7425,106,0,2,20,20,31,0,27,13,30,41,36,15,44,20,156,33,231,18,44,8,7,135,10,1,0,1,2,51,51,198,46,0,2,14,403,0,103,0,0,0,0,0,0,0,0,0,0,239,11,21,32,0,0,6,0,0,0
24,14,15,162,0,4,1,70,137,0,4,1,174,206,1,11,364,2703,8,29,176,179,71,8,70,31,129,100,44,42,55,142,1340,129,203,44,384,37,41,193,78,0,3,6,6,235,56,137,61,0,51,142,1071,0,99,0,0,1,0,0,0,0,0,0,7,802,12,21,38,3,1,2,0,14,0
0,0,0,0,0,0,0,0,0,0,0,0,0,0,0,0,5,108,10070,5,0,0,0,0,0,0,0,0,0,0,0,0,0,0,0,0,0,0,0,0,0,0,0,3,0,0,0,1,1,0,0,0,0,0,0,0,0,0,1,0,0,0,0,0,0,0,0,0,0,0,0,0,0,0,0
125,3,7,1,0,2,7,1,2,0,1,1,4,0,0,1,15,17,4,9954,7,1,0,0,1,0,2,14,0,1,2,0,8,4,6,2,2,4,0,2,1,1,0,3,13,1,12,13,32,0,1,0,10,0,7,0,0,0,0,0,0,1,0,0,1,1,0,0,1,0,0,1,4,1,0
8,0,8,50,0,2,3,62,30,0,0,0,51,606,0,4,5,5,0,1,1948,619,24,30,33,1,248,0,2,2,0,367,3848,1,16,0,216,0,67,69,224,1,0,267,6,50,9,4,19,0,0,456,305,0,5,0,0,0,0,0,0,0,0,0,0,547,10,4,5,0,0,8,0,0,0
11,1,1,65,0,0,0,41,39,0,0,0,63,700,0,5,5,5,0,2,1111,930,20,30,34,0,221,1,1,6,1,439,4400,11,14,0,231,1,60,71,300,3,0,1,3,44,2,3,0,0,0,477,298,1,8,0,0,0,0,0,0,0,0,0,0,608,28,5,3,0,0,15,0,0,0
2,1,1,10,0,1,0,27,38,0,0,0,8,38,0,0,6,1,0,2,3,19,9583,5,13,9,10,1,0,2,0,13,145,3,4,0,29,1,1,16,5,1,1,3,0,8,0,7,4,0,1,27,53,0,0,0,0,0,0,0,0,0,0,0,0,205,13,6,2,0,0,1,0,1,0
9,0,3,45,0,0,0,30,40,0,0,0,58,578,0,2,2,7,0,1,944,653,14,1263,21,1,147,2,0,7,0,365,4005,8,8,0,228,0,69,76,283,1,1,3,0,47,1,1,0,0,0,464,309,0,13,0,0,0,0,0,0,0,0,0,0,555,8,5,1,0,0,9,1,0,0
2,0,1,6,0,0,0,14,32,0,0,0,11,10,0,0,6,5,0,0,39,34,22,3,9522,28,39,12,1,5,1,1,103,9,12,0,20,0,0,15,9,1,0,8,1,6,3,6,9,0,0,21,13,1,1,0,0,0,0,0,0,0,0,0,0,38,32,5,21,0,0,5,0,3,0
30,4,35,129,4,59,0,56,117,0,0,0,29,22,0,4,66,47,0,0,40,46,169,2,435,6990,47,37,12,39,16,10,357,14,82,6,83,2,3,99,6,0,0,1,11,28,19,102,36,0,2,45,106,0,8,0,0,0,0,0,0,0,0,0,0,263,36,53,477,0,2,13,0,1,0
4,0,6,31,0,0,0,42,15,0,0,0,22,485,0,1,2,6,0,0,871,411,12,31,31,1,4370,1,2,7,0,254,2165,6,17,0,118,0,50,39,229,0,0,0,2,26,2,5,0,0,0,297,241,1,11,0,0,0,0,0,0,0,0,0,0,422,12,8,3,0,0,9,0,0,0
54,13,43,277,5,15,0,30,92,0,0,2,652,67,3,4,296,150,0,23,55,82,31,19,84,34,32,3913,107,160,180,28,576,195,175,167,232,229,24,211,26,6,3,16,32,97,112,310,215,0,12,42,332,0,124,0,0,0,0,0,0,0,0,2,1,286,16,78,50,0,1,42,1,7,0
35,2,15,123,0,4,0,40,56,2,1,1,436,104,0,9,290,157,0,5,128,110,31,5,34,21,78,218,4126,61,86,59,1040,127,270,98,328,141,31,210,41,3,1,4,6,148,35,93,41,0,20,46,646,0,63,0,0,0,0,0,0,0,0,0,0,583,4,7,15,0,0,12,4,0,0
7,17,21,94,2,7,0,48,142,0,3,1,381,244,88,11,245,123,0,1,311,312,73,20,154,48,203,427,103,1057,119,161,1979,226,191,75,456,174,57,242,132,2,7,45,25,111,27,159,95,2,15,191,520,0,44,0,4,0,0,0,0,0,0,0,1,826,23,12,44,0,0,19,4,5,0
15,13,9,119,1,16,0,22,136,0,1,0,458,130,0,6,644,208,0,0,159,168,53,7,154,50,129,413,166,153,1422,102,1144,356,446,215,350,314,61,388,61,2,0,7,0,185,72,354,140,0,30,75,589,0,101,0,0,0,0,0,0,0,0,0,0,640,21,11,51,0,1,20,0,3,0
5,0,0,56,0,0,0,39,33,0,0,0,60,738,0,3,8,3,0,1,955,654,24,32,28,0,209,2,0,6,1,381,4743,7,20,0,213,0,80,84,263,0,0,0,2,58,2,5,0,0,0,449,375,0,15,0,0,0,0,0,0,0,0,0,0,747,3,2,2,0,0,10,0,0,0
13,1,10,145,1,3,0,50,86,0,0,0,48,514,0,2,14,9,0,2,628,416,35,23,124,21,89,6,7,12,6,270,5879,14,27,0,257,0,46,71,199,1,2,0,5,54,4,18,4,0,0,117,296,0,13,0,0,0,0,0,0,0,0,0,0,741,26,14,16,0,1,10,0,0,0
20,1,9,108,0,0,0,37,233,0,0,0,321,283,0,7,185,139,0,0,391,398,48,29,149,13,154,225,98,88,146,166,2576,866,264,79,618,76,66,462,131,2,2,0,6,238,55,88,63,0,8,180,579,0,56,0,0,0,0,0,0,0,0,0,0,648,14,7,38,0,0,13,0,1,0
21,12,18,161,3,12,0,49,114,0,2,0,179,229,0,8,442,197,0,3,222,181,51,14,98,20,144,139,96,40,87,147,1317,125,1792,92,356,140,30,611,85,0,2,1,13,257,67,164,51,0,24,108,1394,0,135,0,0,0,0,0,0,0,0,0,0,802,10,14,23,0,1,12,0,5,0
16,16,26,133,2,5,0,25,122,0,2,1,374,178,0,8,444,169,0,0,197,183,53,13,100,28,128,464,171,94,275,106,1566,340,607,719,350,391,56,415,75,1,1,0,10,182,54,163,112,0,32,105,950,0,115,0,0,0,0,0,0,0,0,0,0,609,18,14,18,1,1,12,0,6,0
48,0,4,139,0,0,2,76,136,0,0,0,78,366,0,1,10,33,0,0,635,336,21,30,67,5,94,7,27,14,1,276,3832,45,51,0,1462,0,28,165,146,1,1,3,16,153,2,24,6,0,0,316,512,0,17,0,0,0,0,0,0,0,0,0,1,1034,13,7,6,0,0,16,0,2,0
25,14,9,80,2,6,0,25,106,0,1,0,239,291,14,4,277,119,0,3,391,312,33,17,88,21,130,353,139,109,192,201,2070,213,421,210,331,1568,47,276,133,2,2,10,13,117,29,115,73,0,33,186,576,0,57,0,0,0,0,0,0,0,0,0,0,574,9,5,12,0,0,16,1,2,0
8,0,4,57,0,0,0,42,38,0,0,0,62,696,0,4,10,7,0,2,956,664,18,38,25,0,186,8,1,12,7,447,4579,11,27,0,251,2,69,109,310,0,0,0,4,60,6,6,17,0,0,482,399,0,10,0,0,0,0,0,0,0,0,0,0,700,4,1,1,0,0,10,0,0,0
24,4,10,185,0,2,0,54,169,0,1,0,130,288,0,6,101,73,1,0,403,386,40,27,63,6,145,75,75,21,29,169,2292,154,189,23,456,74,47,2071,133,1,0,6,16,167,36,87,38,0,2,205,919,0,78,0,1,2,24,0,0,0,0,0,0,723,11,13,19,0,0,19,0,4,0
6,1,3,56,0,1,0,32,49,0,0,0,64,686,1,7,20,23,0,1,856,597,22,22,22,3,192,18,7,12,4,402,4440,17,24,9,230,16,71,88,345,1,8,49,3,58,3,5,5,0,0,426,359,0,15,0,0,0,0,0,0,0,0,0,0,717,11,2,4,0,0,16,1,0,0
0,0,4,0,0,0,3,5,1,0,0,1,0,2,9,2,4,1,0,1,3,3,2,0,6,4,0,7,3,3,1,0,13,2,7,0,4,0,0,8,0,9590,96,249,3,1,3,17,1,0,0,1,6,1,3,7,0,3,0,0,2,0,0,0,0,7,1,0,7,0,0,2,7,1,2
2,0,0,5,0,0,1,2,4,2,0,1,3,64,9,0,2,1,1,0,75,46,5,3,5,1,19,1,1,10,0,31,345,1,2,1,19,6,5,16,20,136,9015,185,6,0,0,9,1,0,1,34,26,0,1,0,0,0,0,1,0,0,1,1,4,48,0,0,2,0,0,4,6,13,2
0,1,1,2,2,2,4,2,0,1,0,5,2,0,8,0,1,5,3,1,5,2,3,0,4,1,2,22,2,41,10,1,7,0,2,0,0,5,0,3,29,96,128,9698,21,1,2,38,9,4,1,1,1,3,2,1,3,0,3,0,5,0,0,0,0,1,1,0,5,2,1,10,29,14,2
240,14,4,18,0,40,1,5,7,0,3,0,1,4,3,0,7,8,0,42,5,2,5,0,1,0,7,2,0,1,0,3,34,0,4,0,11,1,3,15,3,7,8,36,9406,8,64,83,58,21,0,2,11,2,3,0,38,1,0,0,1,0,0,0,0,15,0,0,0,0,0,5,1,0,1
69,0,10,179,0,1,3,53,86,0,0,0,115,303,0,10,46,69,0,6,414,256,25,26,26,3,81,9,15,9,8,218,2763,52,127,7,652,2,43,337,105,0,0,0,14,957,21,33,21,0,0,195,1989,1,35,0,0,0,0,0,0,0,0,0,0,770,11,10,6,0,0,13,0,0,0
233,4,21,99,2,44,2,18,38,7,1,0,31,32,733,43,217,92,0,23,54,66,18,2,41,15,40,119,17,15,47,19,324,21,107,8,81,7,11,101,17,1,1,19,72,44,4568,497,1711,0,6,43,262,2,93,0,0,1,0,0,0,0,0,0,0,175,3,6,35,0,0,28,0,6,0
407,20,39,191,1,37,23,37,31,1,3,1,96,38,30,9,390,121,2,32,49,39,37,2,90,27,67,187,27,26,84,19,285,36,163,31,92,64,21,178,26,8,6,39,156,59,246,5448,278,4,6,32,317,5,175,0,0,1,0,0,0,4,0,0,1,240,18,20,37,1,1,24,3,10,0
415,16,28,183,0,40,6,9,34,0,3,0,58,13,734,4,266,68,0,26,29,31,24,1,23,15,28,168,16,17,27,10,143,26,83,12,39,7,29,91,8,2,3,20,63,38,980,467,5533,0,4,14,169,1,86,0,0,0,0,0,0,1,0,0,1,99,7,8,44,0,0,34,0,5,0
0,0,0,0,0,0,0,0,0,0,0,0,0,3,0,0,0,0,1,0,1,0,1,0,0,0,0,0,0,0,0,0,8,0,0,0,1,0,0,0,2,0,0,3,18,0,0,10,0,10178,0,0,0,1,0,0,0,0,0,0,0,0,0,0,0,1,0,0,0,0,0,0,3,0,0
0,0,1,10,0,2,0,1,4,0,0,0,12,5,0,0,27,41,0,0,1,7,18,0,17,12,3,26,19,11,36,1,14,11,21,13,7,8,3,6,2,0,0,1,1,9,31,21,26,0,9718,3,34,0,5,0,0,0,0,0,0,0,0,0,0,21,3,2,2,0,0,4,0,1,0
7,0,11,43,0,1,0,69,34,0,0,0,49,594,0,0,2,4,0,1,1046,621,21,46,39,1,224,1,4,7,0,380,3583,10,20,0,172,0,63,74,257,3,0,0,1,36,2,4,1,0,0,1912,295,0,7,0,0,0,0,0,0,0,0,0,0,552,14,5,0,0,0,7,0,1,0
45,2,12,169,2,17,11,58,53,0,1,0,96,369,0,5,58,69,0,13,234,152,28,8,17,6,142,20,11,8,6,140,1696,32,107,7,289,8,37,356,120,0,0,2,24,237,40,31,43,0,9,133,4333,12,64,0,0,0,0,0,0,0,0,0,0,875,9,4,8,0,0,8,0,1,0
10,2,2,35,0,4,2,15,19,0,0,0,27,91,0,2,17,13,0,3,68,35,7,0,3,0,21,2,2,3,2,48,439,3,29,2,55,2,6,74,33,0,0,246,19,59,10,7,12,0,0,37,1065,7429,19,0,2,0,0,0,0,0,0,1,0,223,2,4,1,0,0,3,1,0,0
56,5,18,142,0,6,6,36,35,0,1,0,68,391,6,6,172,109,0,20,521,307,26,15,18,6,149,77,33,10,28,206,2331,20,120,18,185,86,33,87,145,0,0,28,16,60,26,138,126,0,1,226,491,0,2941,0,0,1,2,0,0,2,0,0,1,646,11,9,9,0,0,6,1,0,0
0,0,0,0,0,0,0,0,0,0,0,0,1,0,0,0,1,0,0,0,0,0,0,0,0,0,0,1,0,0,0,0,0,0,0,0,0,0,0,0,0,6,0,1,0,0,0,0,0,0,0,0,0,0,0,9971,3,124,23,0,54,1,0,1,0,0,0,0,0,0,0,4,0,0,4
0,0,0,0,0,0,0,0,0,0,0,0,0,0,0,0,0,0,0,0,0,0,0,0,0,0,0,0,0,0,0,0,0,0,0,0,0,0,0,0,0,0,0,0,3,0,0,0,0,0,0,0,0,0,0,0,10319,0,1,1,2,0,0,0,0,0,0,0,0,0,0,0,0,0,0
0,0,0,5,0,0,0,1,3,0,0,0,3,6,2,0,2,6,2,0,15,14,2,1,4,0,3,0,0,0,0,10,91,0,3,0,18,0,3,9,5,0,1,13,1,7,1,1,1,0,0,12,64,0,4,5,9,9245,586,0,6,0,0,0,0,24,0,0,0,0,0,0,1,0,10
0,0,0,0,0,0,0,0,0,0,0,0,0,0,0,0,0,1,0,0,0,0,0,0,0,0,0,0,0,0,0,0,0,0,0,0,0,0,0,4,0,2,0,1,0,0,0,0,0,0,0,0,0,0,0,13,4,124,10066,1,6,0,0,1,0,0,0,0,0,0,0,0,0,0,2
0,0,0,0,0,1,0,0,0,0,0,0,0,0,1,0,0,0,0,0,0,0,0,0,0,0,0,0,0,0,0,0,0,0,0,0,0,0,0,0,0,0,0,0,0,0,0,0,0,0,0,0,0,0,0,1,5,0,2,10203,1,0,0,1,0,0,0,0,0,0,0,0,0,0,0
0,0,0,0,0,1,0,0,0,0,0,0,0,0,0,0,0,0,1,0,0,0,0,0,0,0,0,0,0,0,0,0,0,0,0,0,0,0,0,0,0,1,1,28,1,0,0,0,0,0,0,0,0,2,0,38,11,41,23,1,10068,0,0,0,0,0,0,0,0,0,0,0,3,0,0
0,0,0,0,0,0,0,0,0,0,0,0,0,0,0,0,0,0,0,0,0,0,0,0,0,0,0,0,0,0,0,0,0,0,0,0,0,0,0,0,0,0,0,0,0,0,0,0,0,0,0,0,0,0,0,0,0,0,0,0,0,10263,0,0,0,0,0,0,0,0,0,0,0,0,0
0,0,0,0,0,0,0,0,0,0,0,0,0,0,0,0,0,0,1,0,0,0,0,0,0,0,0,0,0,0,0,0,0,0,0,0,0,0,0,0,0,0,0,0,0,0,0,0,0,0,0,0,0,0,0,1,0,0,0,0,1,0,10070,0,0,0,0,0,0,0,0,0,0,0,0
0,0,0,0,0,0,0,0,0,0,0,0,0,0,2,0,0,0,0,0,0,0,0,0,0,0,0,1,0,0,0,0,0,0,0,0,0,0,0,0,0,0,0,1,0,0,0,0,0,0,0,0,0,0,0,4,10,0,1,2,6,0,2,10029,0,0,0,0,0,0,0,0,0,0,1
0,0,1,1,16,0,16,7,4,2,0,10,1,0,2,0,0,0,1,1,80,1,0,0,0,1,4,0,2,0,0,0,2,1,0,0,1,0,0,3,0,0,0,0,0,0,0,0,0,0,0,5,4,0,0,0,0,0,0,0,0,0,0,0,10113,2,0,0,0,0,0,0,2,0,0
8,1,6,90,0,0,1,178,24,0,0,0,30,250,0,7,8,3,0,0,70,45,27,4,14,2,67,1,2,3,1,77,938,0,11,0,105,0,7,18,25,0,0,1,8,12,2,8,1,0,0,55,228,0,27,0,0,0,0,0,0,0,0,0,1,7780,5,14,4,0,0,5,0,2,0
1,0,0,1,0,0,0,2,0,0,0,0,2,2,0,0,0,0,0,0,12,8,4,1,7,0,2,0,1,0,0,1,27,0,1,0,2,1,0,0,4,0,1,1,0,2,0,1,0,0,0,8,5,0,0,0,0,0,0,0,0,0,0,0,0,8,10210,0,1,0,0,2,0,0,0
5,1,1,16,0,2,0,32,4,0,0,0,0,1,33,0,5,1,0,0,4,1,10,2,6,0,3,18,0,1,0,0,9,0,1,0,3,0,0,2,0,0,0,1,2,3,2,5,0,0,0,4,10,1,4,0,0,0,0,0,0,0,0,0,0,48,9,10049,5,0,0,0,0,0,0
2,2,6,9,0,0,0,12,44,0,0,0,3,2,0,0,20,19,0,0,10,6,19,3,24,297,14,16,1,3,2,2,24,11,5,0,9,1,1,9,1,4,1,3,0,7,2,13,6,0,0,2,14,0,4,0,0,0,0,0,0,0,0,0,0,17,12,22,9688,0,1,2,0,0,0
0,0,0,0,0,0,0,0,0,0,0,1,0,0,0,0,0,0,0,0,0,0,0,0,0,0,0,0,0,0,0,0,0,0,0,0,0,0,0,0,0,0,0,0,0,0,0,0,0,0,1,0,0,0,0,0,0,0,0,0,0,0,0,0,0,0,0,0,0,10143,0,0,0,0,0
0,0,1,3,0,0,0,0,0,0,0,0,0,2,0,1,3,1,0,0,0,1,16,0,15,3,2,0,1,0,0,0,2,0,1,0,0,1,0,1,0,0,1,7,0,0,0,1,0,0,0,1,0,0,1,0,0,0,0,0,0,0,0,0,0,13,2,3,4,0,10198,0,0,2,0
104,2,13,135,0,10,10,24,11,0,1,0,32,227,1,5,62,18,3,13,292,194,18,18,36,11,67,54,16,11,28,101,1363,16,51,2,89,3,27,48,85,1,1,284,53,22,51,100,41,0,1,126,196,0,43,2,0,0,1,1,2,0,0,0,0,253,9,7,8,0,0,5719,1,3,0
0,0,0,2,0,0,5,1,0,1,0,1,0,0,2,0,0,0,1,7,2,0,4,0,0,0,0,2,0,6,0,0,0,0,0,0,0,7,0,0,0,3,13,34,0,0,0,7,1,0,1,0,0,1,0,1,1,2,1,0,0,0,0,1,6,0,0,0,0,0,2,1,10158,2,2
0,0,3,2,0,0,0,4,2,0,0,1,2,11,0,3,4,3,0,0,6,10,6,1,23,2,38,2,1,6,0,4,46,1,2,0,11,0,1,5,2,1,1,31,0,3,2,8,2,0,0,5,6,0,0,0,0,0,0,0,0,0,0,0,1,30,7,2,19,0,0,5,2,9954,0
0,0,0,0,0,0,1,1,0,0,0,0,0,0,0,0,0,1,0,0,0,0,0,0,0,0,0,0,0,0,0,0,0,0,0,0,0,0,0,0,0,1,2,3,0,0,0,0,0,0,0,0,0,0,0,41,0,18,6,0,16,0,0,0,0,0,0,0,0,0,0,0,1,0,10197
